review_id,feedback,rating,date,app_id,issue_category,specific_issue,sentiment,severity,has_specific_issue,input_tokens,output_tokens,total_tokens
495266a4-f451-48c3-a844-fb3c07560d55,Gett van for no reason 😂😂😂,1,2023-09-19 15:05:31,org.telegram.messenger,Other / General,General dissatisfaction,Negative,Low,False,626,45,671
947fcd83-7a28-403d-b03b-d0bc20f52e0e,better' than WhatsApp,4,2023-09-19 14:59:30,org.telegram.messenger,Other / General,General positive feedback,Positive,Low,False,620,46,666
65856211-67ba-4560-84dd-a0055775ed90,That was good app for me,5,2023-09-19 14:55:06,org.telegram.messenger,Other / General,General positive feedback,Positive,Low,False,622,46,668
cd5ba250-3a26-43b4-a378-77d18f73a503,Love the app,5,2023-09-19 14:50:18,org.telegram.messenger,Other / General,General positive feedback,Positive,Low,False,619,46,665
ab15282f-86b7-4052-b6a8-ba8a2d64bce2,telegram mare call par nai ban rhi,5,2023-09-19 14:42:49,org.telegram.messenger,Account & Login,Account banned,Negative,High,True,625,45,670
3f4d72ec-123d-4ae3-a82d-1a61dcf734e3,now how to mute stories?,3,2023-09-19 14:37:57,org.telegram.messenger,Feature Request,Request to mute stories,Neutral,Low,True,621,45,666
2093fc6f-75c0-4ec3-9bbc-a8febfa360e8,Good parfom sab 1,5,2023-09-19 14:37:46,org.telegram.messenger,Other / General,General positive feedback,Positive,Low,False,623,46,669
b21d4f24-47d9-41a1-aff7-7c7d46590c0d,When I enter my phone number it show I am banned I email support telegram but I got no answer😭,1,2023-09-19 14:27:15,org.telegram.messenger,Account & Login,User blocked from account access after entering phone number,Negative,High,True,637,51,688
5c45b75a-e9b9-4585-8e72-d87c00e31858,"Barrs users login for no tangible reason, null response on login issues emailing, nice UX/UI, but functions,..void/minimal will find other large file download/communication options.",2,2023-09-19 14:25:13,org.telegram.messenger,Account & Login,Users unable to log in with no clear reason or response,Negative,High,True,653,54,707
ff7008ae-15d4-449b-a41b-04dded62c461,"When I want to upload a pic or video or edit a pic, the app crashes and closes. I get an error of java.lang.OutofMemoryError. It happened since a few weeks. I use the same phone and never had this problem before. My app is up to date. Telegram X doesn't give this error but it's limited in its capabilities. I tried cleaning cash, data etc., removing the app and reinstalling, installing the app from the Telegram website and none of it works.",1,2023-09-19 14:14:26,org.telegram.messenger,Bugs & Technical Issues,App crashes with java.lang.OutOfMemoryError when uploading or editing media,Negative,High,True,716,59,775
6cc38978-1e9f-4db0-ae37-4b1db02d3347,Not for iran stori !!!,2,2023-09-19 14:12:45,org.telegram.messenger,Other / General,General dissatisfaction,Negative,Low,False,623,44,667
428b7444-7ba8-403b-9a34-066300580a34,ALL TIME BEST❤️,5,2023-09-19 14:12:37,org.telegram.messenger,Other / General,General positive feedback,Positive,Low,False,621,45,666
14229b6f-41fd-4f16-a7d6-1f7557dafa5e,I Like This,5,2023-09-19 14:09:04,org.telegram.messenger,Other / General,General positive feedback,Positive,Low,False,619,45,664
489df121-ee6f-4d12-ab07-1c25216ddb19,"best app, even if they just destroyed the search",5,2023-09-19 13:59:34,org.telegram.messenger,Feature Problem,Search function not working after recent update,Negative,High,True,626,49,675
2d165e5c-4904-42a0-a3f0-742594c231da,very some people,5,2023-09-19 13:56:42,org.telegram.messenger,Other / General,General usage statement,Neutral,Low,False,619,46,665
2d1bb951-4bfb-4ab9-90aa-73dc6203fc59,Can't login,1,2023-09-19 13:56:35,org.telegram.messenger,Account & Login,Cannot log in,Negative,High,True,619,46,665
f6556781-7d4a-4421-b823-22db5ebb5b3f,W u r my New Blog hi nhi ehai,3,2023-09-19 13:50:25,org.telegram.messenger,Other / General,General usage statement,Neutral,Low,False,626,45,671
64169dd8-d0ab-4db6-b369-5170177c0335,"Tidak bisa masuk,saat memasukkan nomor telepon pasti selalu unable to connect",2,2023-09-19 13:49:26,org.telegram.messenger,Account & Login,Unable to connect when entering phone number during login,Negative,High,True,638,52,690
75cff710-7195-4f70-851c-e40c0faaf154,It has all that you need to get surfing🔨🔨🔨,5,2023-09-19 13:48:46,org.telegram.messenger,Other / General,General positive feedback,Positive,Low,False,628,46,674
dc78ee94-692a-48f7-a346-b7542829ad14,Good for Study,4,2023-09-19 13:38:38,org.telegram.messenger,Other / General,General positive feedback,Positive,Low,False,619,46,665
49c0a146-e063-4d0d-87c8-5169335c342f,Same complaint with Bonya Malek below. Everything seems to be loading until I uninstall and reinstall and then it starts again. Apart from the desktop version on my pc,1,2023-09-19 13:31:53,org.telegram.messenger,Bugs & Technical Issues,App repeatedly fails to load properly until uninstalled and reinstalled,Negative,High,True,650,57,707
f9229cc6-3cb4-46a4-8588-9d6ebefd5392,Worst app ever. Most preferred choice for scammers. Extremely poor safety features.,1,2023-09-19 13:31:42,org.telegram.messenger,Privacy / Security,Extremely poor safety features,Negative,High,True,632,48,680
7bef2fb2-7e71-4a64-8e9c-1e3a34dc5238,THIS APP IS ALL APPS TO GOOD,5,2023-09-19 13:29:33,org.telegram.messenger,Other / General,General positive feedback,Positive,Low,False,624,46,670
f3bb6533-5cd6-45b9-b3fc-4755ad00c246,Good application amazing to use,3,2023-09-19 13:27:38,org.telegram.messenger,Other / General,General positive feedback,Positive,Low,False,621,46,667
12a59d65-5ffd-4302-9133-99da97923e11,میگه که به 500 تا کانال و گروه عضو هستی و به سقف مجاز رسیدی ولی اینطور نیست و هیچ کانال و گروهی ندارم که عضو باشم توش لطفا بررسی کنید و بگید چیکار باید کرد ممنون!,3,2023-09-19 13:22:29,org.telegram.messenger,Feature Problem,Incorrect display of channel and group membership count,Negative,Medium,True,711,50,761
bfaa4500-43e4-47dd-a5a2-ec822a8e1728,It's a good app,4,2023-09-19 13:19:00,org.telegram.messenger,Other / General,General positive feedback,Positive,Low,False,621,46,667
53669a12-fbfd-43be-8895-8ab633cf2df0,Hein Soe that,1,2023-09-19 13:13:29,org.telegram.messenger,Other / General,General usage statement,Neutral,Low,False,621,46,667
647bb0ee-5aab-4274-b652-b19db27fa3f8,"Sometimes, when I want to open any chat, whether private chat,group, or channel information, I couldn't see any message even though I got notification. Please repair back the app for normal because it has been harder for me to use on education study. It's really tiring for me to uninstall this app and redownload back.",1,2023-09-19 13:08:46,org.telegram.messenger,Feature Problem,Messages not visible in chats despite receiving notifications,Negative,High,True,683,50,733
f13aa56a-28dc-4e3f-8e97-3c1b8ef49def,This App is Maranam maasu maranam,5,2023-09-19 13:07:43,org.telegram.messenger,Other / General,General usage statement,Neutral,Low,False,627,46,673
4886e23b-caac-4c4b-b93b-48a2e190c5f8,verify code not arriving.,1,2023-09-19 13:06:18,org.telegram.messenger,Account & Login,SMS verification code not received,Negative,High,True,620,47,667
fa310239-da15-4273-933e-ebe437314d2d,Unfortunately Female Pikachu are not wanted on this app. All I get is horrible messages from people I do not know telling me im a pedo because I only post female yiff (yea thats right). Telegram is full of sexist pigs.,1,2023-09-19 13:02:57,org.telegram.messenger,Privacy / Security,Receiving threatening and inappropriate messages due to posting female yiff content,Negative,High,True,663,55,718
6d1b7d2f-e16c-4e8e-a325-2ea1b30421b6,Op bro ❤️🤪,5,2023-09-19 13:00:38,org.telegram.messenger,Other / General,General positive feedback,Positive,Low,False,621,46,667
735d58ed-e46a-4904-9409-9b445a2582ba,Veriy very good aap,5,2023-09-19 12:56:38,org.telegram.messenger,Other / General,General positive feedback,Positive,Low,False,622,46,668
94b841e5-2419-40d1-9eb3-51a56be3b193,"I love all the features. Excellent app. You have everything you want like: status,privacy,locked app and more For me I like the app",5,2023-09-19 12:56:35,org.telegram.messenger,Other / General,General positive feedback,Positive,Low,False,646,46,692
55e0c45a-5047-4ed3-acfa-3c44563ad5a7,Zenemulgeta,2,2023-09-19 12:44:47,org.telegram.messenger,Other / General,General usage statement,Neutral,Low,False,621,46,667
ae9acf0d-4f94-4481-9f35-2b98f9961c3b,Sir please delete app because there Abundance of scammer and fraud with many people and than blocked them,3,2023-09-19 12:43:48,org.telegram.messenger,Privacy / Security,Abundance of scammers and fraudsters in the app,Negative,High,True,636,54,690
45de0c11-9b17-4b3d-9b49-ec2d3f7da44b,Annoying advertisment,1,2023-09-19 12:41:24,org.telegram.messenger,Other / General,Too many advertisements,Negative,Low,True,621,45,666
e9350f0d-8b93-4a28-b272-5114a29ff6c6,Don't do business on telegram all people do is rip you off,1,2023-09-19 12:39:46,org.telegram.messenger,Other / General,General dissatisfaction with doing business on Telegram,Negative,Medium,True,629,50,679
50c74d31-09c9-4e01-8f18-495451986b41,مفيد كثير للدراسة وكثير آمن,5,2023-09-19 12:34:45,org.telegram.messenger,Other / General,General positive feedback,Positive,Low,False,625,46,671
39a94fc2-e420-4da2-8f31-1df95294cbfa,Wonder ful app,5,2023-09-19 12:19:51,org.telegram.messenger,Other / General,General positive feedback,Positive,Low,False,619,45,664
554ee7b1-928b-48f7-a899-03c12e0bb9ae,Recently there is too many ads to buy telegram premium.It actually starts being annoying,2,2023-09-19 12:19:51,org.telegram.messenger,Other / General,Too many advertisements promoting Telegram Premium,Negative,Low,True,631,49,680
245e7da6-3bb8-46c2-ba03-2570c80b65d0,"Why i am can't sign in "" unable to send SMS""",1,2023-09-19 12:12:55,org.telegram.messenger,Account & Login,Unable to send SMS verification code,Negative,High,True,628,48,676
e4bbd1f4-0d47-448e-8fae-6efa18cad3d6,Why don’t send me account login code??,1,2023-09-19 12:10:14,org.telegram.messenger,Account & Login,SMS verification code not received,Negative,High,True,625,47,672
63f84007-5194-4f8c-a44c-7bf03d4df88e,Yet to understand the app,4,2023-09-19 12:09:09,org.telegram.messenger,Other / General,General usage statement,Neutral,Low,False,621,46,667
b0556d15-4a71-4750-b5bc-0c3b33292d3d,Suka tertutup sendiri stresss aku babi,1,2023-09-19 12:08:35,org.telegram.messenger,Bugs & Technical Issues,App closes unexpectedly,Negative,High,True,628,48,676
aabc808e-3e15-4ee1-bfd0-c0e1de3420dc,My acct was hacked 3 times,1,2023-09-19 12:03:55,org.telegram.messenger,Privacy / Security,Account hacked multiple times,Negative,High,True,623,47,670
ad29ba78-5648-47a2-9c9f-23fd7643a873,Telegram is a really good app and I love using it,5,2023-09-19 12:03:52,org.telegram.messenger,Other / General,General positive feedback,Positive,Low,False,627,46,673
3f6636a5-7806-41e7-a8dc-d1dd8c7c79ba,Faltu service,1,2023-09-19 12:02:18,org.telegram.messenger,Other / General,General dissatisfaction,Negative,Medium,True,620,44,664
093e2d33-9d9b-443a-8ce0-0028481ae9fc,"This program automatically deleted my user accounts. I even sent an email, but it was not followed up. tell me something",1,2023-09-19 11:55:56,org.telegram.messenger,Account & Login,User accounts automatically deleted without warning,Negative,High,True,640,49,689
bed593f9-71de-472f-813b-b572214e1c4f,I wi give it zero ranking,1,2023-09-19 11:50:30,org.telegram.messenger,Other / General,General dissatisfaction,Negative,Medium,True,622,45,667
a666152d-6f55-4887-a4d1-8c67ac1122b1,Worst experience ever...,1,2023-09-19 11:45:54,org.telegram.messenger,Other / General,General dissatisfaction,Negative,Medium,True,620,44,664
554ca2d7-ce0e-4afd-929a-22397a672993,Best app for secure messaging,5,2023-09-19 11:41:04,org.telegram.messenger,Other / General,General positive feedback,Positive,Low,False,621,46,667
9423a7b8-c0a7-4bb4-8af5-33cba968040f,A hub for scammers,2,2023-09-19 11:35:44,org.telegram.messenger,Privacy / Security,Hub for scammers,Negative,High,True,621,47,668
97962566-d71a-4d55-bbce-edfe696a5dda,So many ristraction in why am band in this,1,2023-09-19 11:30:38,org.telegram.messenger,Account & Login,Account banned without clear reason,Negative,High,True,627,48,675
2aafba4c-6ebf-4618-b398-b2c04c4295d2,"When I send a photo in view once mode, why that photo is saved in my telegram sent folder..? It's shoown in our public telegram sent folder of gallery, which is disgusting... The photos or videos sent in view once mode shouldn't be saved & shown in our public gallery or library...😏",1,2023-09-19 11:14:32,org.telegram.messenger,Feature Problem,Photos sent in View Once mode are saved in Telegram's public sent folder,Negative,Medium,True,678,56,734
72062af9-d5ef-40b2-b4a6-d311e2ab2db7,My phone doesn't receive the OTP code 😢,5,2023-09-19 11:13:34,org.telegram.messenger,Account & Login,SMS verification code not received,Negative,High,True,626,48,674
24fe1ac8-a36b-462d-b615-ba57e5702361,Telegram is a God!,5,2023-09-19 11:11:09,org.telegram.messenger,Other / General,General positive feedback,Positive,Low,False,620,45,665
c6110b5d-fea2-40cd-9cfa-21ce085a5cd3,Unable to go back to previous messages after 3 months.,2,2023-09-19 11:06:35,org.telegram.messenger,Feature Problem,Cannot navigate back to messages older than 3 months,Negative,Medium,True,627,51,678
c18229e7-5f69-4c52-a912-3743975ca2bb,"What a future Justin, 3yeaed",5,2023-09-19 11:02:12,org.telegram.messenger,Other / General,General usage statement,Neutral,Low,False,625,46,671
966ae3d9-7510-415a-a8e4-7f0449060de3,"The best program for messaging as well as the best program for personal conversations of any kind of purpose, very high security for users I have been using this platform for 8 years And I will not replace this program with anything I'm a Iranian.",5,2023-09-19 11:00:07,org.telegram.messenger,Other / General,General positive feedback,Positive,Low,False,664,46,710
76c22509-a357-4964-83ed-572f1eb88300,It's the best of social media app,5,2023-09-19 10:58:32,org.telegram.messenger,Other / General,General positive feedback,Positive,Low,False,624,45,669
f9274368-0b3d-4992-9443-96e9836dcd26,Very understandable and easy to operate,4,2023-09-19 10:58:08,org.telegram.messenger,Other / General,General positive feedback,Positive,Low,False,622,46,668
d5bf6808-487d-4b19-ada1-90bd1cde140a,It's great thx,5,2023-09-19 10:51:28,org.telegram.messenger,Other / General,General positive feedback,Positive,Low,False,621,46,667
1eeec57e-9140-406a-b881-819106ecf382,"For unknown reason to me. My telegram account has been banned for 5 days. I mailed, Google and submit my query and DM over the X (Twitter) to @telegramsupport and no response to none of them. My data is very important to me. Which is stuck to this app. Unban my account.",1,2023-09-19 10:50:33,org.telegram.messenger,Account & Login,Telegram account banned with no response from support,Negative,High,True,680,51,731
aaa9e9e9-d5fd-4a61-8071-25942e7b407e,ir is smart application.,5,2023-09-19 10:47:47,org.telegram.messenger,Other / General,General usage statement,Positive,Low,False,620,46,666
463ca70d-1f60-4df5-8647-eb1234877513,"Love it ,it's very private, no one can read what you have written.",5,2023-09-19 10:42:31,org.telegram.messenger,Privacy / Security,High level of privacy in messaging,Positive,Low,False,632,48,680
8469afc8-f072-4082-a1c5-eb9d570ab045,"Telegram is slow, heavy and inefficient. Telegram X is a lot better than this one.",1,2023-09-19 10:40:49,org.telegram.messenger,Performance,"App is slow, heavy, and inefficient",Negative,Medium,True,633,49,682
218449f6-cb5e-42a5-8a03-53536b847f89,This app is VERY GOOD for chat.. 🤩🤩,5,2023-09-19 10:39:12,org.telegram.messenger,Other / General,General positive feedback,Positive,Low,False,628,46,674
24e334a6-61a8-4141-a896-008005a64342,Download problem,5,2023-09-19 10:38:21,org.telegram.messenger,Bugs & Technical Issues,Download problem,Negative,Medium,True,618,46,664
bdc9fe37-414e-49b5-9236-38aed85497f7,My number is banned for reason not known to me. I sent an email to support for unblocking. But no response. How do u resolve this issue?,1,2023-09-19 10:37:23,org.telegram.messenger,Account & Login,Account banned without known reason and no response from support,Negative,High,True,647,53,700
1f7cc370-1ef2-47d5-a9eb-8bf5fd775876,"There is a problem in the download section, it is not possible to download more than 2 files at the same time and other files are canceled (on Android 13).",4,2023-09-19 10:36:35,org.telegram.messenger,Feature Problem,Unable to download more than 2 files simultaneously; other downloads are canceled,Negative,Medium,True,651,56,707
01109034-8f8c-41ad-a7ec-49e99e87d8cc,aplikasi tololl download lama padahal pake wifibuka apk laen cepet download vd di tele lama goblog,1,2023-09-19 10:33:41,org.telegram.messenger,Performance,App download speed is slow over Wi-Fi compared to other apps,Negative,Medium,True,646,53,699
6411ba3b-7674-4bb0-993b-453903b0dab1,Lot's of scammers.....,3,2023-09-19 10:33:20,org.telegram.messenger,Privacy / Security,Presence of scammers,Negative,High,True,622,46,668
7b813a95-23d2-4366-81d0-6404b11c40a6,"No flahs at front camera, quality is bad, can't find usere or groups. Not intuitive app. On ios works much better.",1,2023-09-19 10:27:29,org.telegram.messenger,Feature Problem,Front camera flash not working and poor camera quality,Negative,Medium,True,645,51,696
f663ef5d-926a-45de-b444-81eb63853cee,Very useful,5,2023-09-19 10:22:03,org.telegram.messenger,Other / General,General positive feedback,Positive,Low,False,618,45,663
319ff9cc-a541-4ab2-80fe-2fa4660c96b4,It's fantastic,1,2023-09-19 10:16:14,org.telegram.messenger,Other / General,General positive feedback,Positive,Low,False,619,46,665
db22e06b-2ba0-44f5-8f43-254d72487e5c,Why it's not opening every time it's showing me internal error we can't send sms 😭,1,2023-09-19 10:14:54,org.telegram.messenger,Bugs & Technical Issues,App shows internal error and cannot send SMS,Negative,High,True,636,53,689
27c27975-dd3b-4bad-93ff-1db7fb3e74b2,we need a feature to translate text on images. Both for chat and Status. Since we can't take screenshots of some users status to translate using Google lens and we also can't read it since it is in a different language.,1,2023-09-19 10:12:35,org.telegram.messenger,Feature Request,Request to add text translation feature for images in chat and status,Neutral,Medium,True,661,54,715
03b28519-fc31-4e66-b558-e24448b0cd48,"Why is the people nearby feature not working anymore, with all the requirements in order ?",3,2023-09-19 09:56:03,org.telegram.messenger,Feature Problem,People nearby feature not working despite meeting requirements,Negative,Medium,True,633,49,682
f16563c5-a3db-4bdb-a8bd-b02ced4ac2db,Very useful application,5,2023-09-19 09:54:19,org.telegram.messenger,Other / General,General positive feedback,Positive,Low,False,619,46,665
4a4e77be-51a4-4a13-9f5b-2a45abad5567,Very usefull,5,2023-09-19 09:53:54,org.telegram.messenger,Other / General,General positive feedback,Positive,Low,False,619,46,665
c45470dc-a9a6-45de-b5e5-47a74f849438,They want me to be paying every month,1,2023-09-19 09:40:25,org.telegram.messenger,Feature Request,Request to remove monthly payment requirement,Negative,Medium,True,624,48,672
19941e4f-20a4-442a-a6b9-345f066061cc,Rohit is king of Bolton,5,2023-09-19 09:33:18,org.telegram.messenger,Other / General,General usage statement,Neutral,Low,False,623,46,669
95133686-8dfc-48b8-8cad-788e53c6ac19,Good application,5,2023-09-19 09:26:43,org.telegram.messenger,Other / General,General positive feedback,Positive,Low,False,618,45,663
d68d7095-8f78-4fe1-8d76-8188126b12fc,Telegram gmail login problem,1,2023-09-19 09:22:37,org.telegram.messenger,Account & Login,Gmail login problem in Telegram,Negative,High,True,620,49,669
bf908984-f144-4214-9a2b-ab5ffe2cf94d,its an awesome app but you have to make new groups be see easly,3,2023-09-19 09:16:28,org.telegram.messenger,Feature Request,New groups not easy to see,Positive,Low,True,631,48,679
bfb1255a-b3c7-4d73-9eec-aa3fb7d5ae5d,"Strongly recommend this app. Contains every each feature, accessible to us.",5,2023-09-19 09:04:20,org.telegram.messenger,Other / General,General positive feedback,Positive,Low,False,630,46,676
70dee6a3-43b9-4ba2-bc69-b6ad96c43ce1,Very nice app,5,2023-09-19 09:01:56,org.telegram.messenger,Other / General,General positive feedback,Positive,Low,False,619,46,665
899c8db5-f35c-426a-afb6-df22a812db90,Make it easy to me to install it pls,5,2023-09-19 08:55:37,org.telegram.messenger,Performance,Slow or difficult app installation,Neutral,Low,True,625,45,670
0fa823d8-d591-407d-b06c-be00297102c8,Please show music file size so I gave 5 star....,2,2023-09-19 08:49:16,org.telegram.messenger,Feature Request,Request to display music file size,Positive,Low,True,628,47,675
39d6ebe4-800c-43fd-ad6a-d01c2c71104e,Very bad update I was download the file 3.5GB download complete but file missing,1,2023-09-19 08:41:26,org.telegram.messenger,Bugs & Technical Issues,Downloaded file missing after completion,Negative,High,True,634,50,684
de4cd5c1-bde2-4a28-90c7-c37bc63ee2cb,Give 200 rs pay krdio mere ko,5,2023-09-19 08:36:42,org.telegram.messenger,Other / General,General usage statement,Neutral,Low,False,628,46,674
cab6b9ae-bb6c-4176-9c3e-37936fe5b20d,It bone like telegram,1,2023-09-19 08:28:17,org.telegram.messenger,Other / General,General usage statement,Neutral,Low,False,620,45,665
ee63f060-ba7d-428f-8b59-5baae660cacb,-Fast. -Secure. -Powerful. -Private. -Simple. -Social. -Expresive -Open Source. -Synced.,5,2023-09-19 08:14:29,org.telegram.messenger,Other / General,General positive feedback,Positive,Low,False,646,45,691
4c398cda-1735-41f3-98b7-5829fcbd13a0,I CANT LOG IN TF WRONG WITH THIS APP?,1,2023-09-19 08:13:46,org.telegram.messenger,Account & Login,Unable to log in due to app error,Negative,High,True,626,51,677
b217a35f-dcff-41bb-acb2-482b904af0fd,Hak Channa,5,2023-09-19 08:08:00,org.telegram.messenger,Other / General,General usage statement,Neutral,Low,False,620,46,666
54f263ed-a2f0-489d-9feb-45efc719668f,"can't login to my account for a week, dumb app🖕",1,2023-09-19 07:56:35,org.telegram.messenger,Account & Login,Cannot log in to account for a week,Negative,High,True,629,51,680
721016a5-929b-4e63-89b4-8f1e01d57945,Trouble while login Not receiving login code to my email,1,2023-09-19 07:53:13,org.telegram.messenger,Account & Login,Not receiving login code via email,Negative,High,True,627,49,676
e0dc239f-d797-40c0-b029-0f8aacb30d02,Open app not,1,2023-09-19 07:45:06,org.telegram.messenger,Bugs & Technical Issues,App fails to open,Negative,High,True,619,48,667
f344d84b-0e34-42e6-b2d7-61268466bf06,100 times better than WhatsApp,5,2023-09-19 07:32:07,org.telegram.messenger,Other / General,General positive feedback,Positive,Low,False,623,45,668
e4344f91-af7e-4f76-8016-9fb141d93f28,"This is the best platform of social media,🥰",5,2023-09-19 07:26:30,org.telegram.messenger,Other / General,General positive feedback,Positive,Low,False,626,46,672
0e6eb88f-572a-40ca-972b-3e222113f819,Saimanjtgg haje hj,5,2023-09-19 07:24:39,org.telegram.messenger,Other / General,General usage statement,Neutral,Low,False,624,46,670
61a1041c-b423-4e6f-bde4-1c24aa1c9d32,I can't access my accnt in telegram😭,3,2023-09-19 07:23:06,org.telegram.messenger,Account & Login,Cannot access account,Negative,High,True,626,45,671
68decd8d-3370-476e-9fdc-f11d0b3fe568,Bhut accha,5,2023-09-19 07:21:21,org.telegram.messenger,Other / General,General positive feedback,Positive,Low,False,621,46,667
83b40bb6-07ec-4a40-a0b6-fc107ab5c57b,Everything still great except for too many scammers using users contact numbers to recreate another account of users friends to hacked and scammed on Telegram users. Had been a lot adding and send weird links and spamming liked crazy. Please do fix this issue. Its driving me crazy with annoyance.,3,2023-09-19 07:06:52,org.telegram.messenger,Privacy / Security,Scammers using users' contact numbers to create fake accounts and send spam links,Negative,High,True,672,58,730
d69c423a-4c56-4b30-8a53-2342dd0413f9,Very helpful App,5,2023-09-19 06:55:03,org.telegram.messenger,Other / General,General positive feedback,Positive,Low,False,619,46,665
73698e62-9623-452d-87f2-b684f355e440,So amazing 😍,5,2023-09-19 06:47:03,org.telegram.messenger,Other / General,General positive feedback,Positive,Low,False,620,45,665
55469b6b-fa3f-49b6-b9d8-2bc2dbf313c4,Excellent performance,5,2023-09-19 06:40:40,org.telegram.messenger,Other / General,General positive feedback,Positive,Low,False,618,46,664
c6110e1a-6b5b-40cf-87e1-90423cfea3c2,REALLY GOD,5,2023-09-19 06:27:32,org.telegram.messenger,Other / General,General positive feedback,Positive,Low,False,619,45,664
f385579a-1f55-4822-b29c-c846b486e216,Nice Op App,5,2023-09-19 06:26:32,org.telegram.messenger,Other / General,General positive feedback,Positive,Low,False,619,46,665
43033e27-f784-404c-809d-db413f395e3f,Binodkumar 271641gmailcom,5,2023-09-19 06:24:53,org.telegram.messenger,Other / General,General usage statement,Neutral,Low,False,629,46,675
a07021da-7f52-47f4-a9bd-5dc08f499c79,This App is destroying the lives of the future youth. This App mostly created for Pornographyers.,1,2023-09-19 06:22:43,org.telegram.messenger,Other / General,General dissatisfaction with app's content and impact on youth,Negative,High,True,635,52,687
31f58177-73dd-4424-9bfb-92d851d0a155,Best App..I am using this to spread meditation and vegetarianism,5,2023-09-19 06:19:28,org.telegram.messenger,Other / General,General usage statement,Positive,Low,False,629,46,675
744ebf79-9b04-4bed-bcec-8df869e4cac3,Always not working from many days it seems connecting always,1,2023-09-19 06:15:54,org.telegram.messenger,Bugs & Technical Issues,Connection issues persist for many days,Negative,High,True,626,51,677
0a321d9b-60bc-45f7-ba95-88f8e2d67bdb,Woww so good,5,2023-09-19 05:58:30,org.telegram.messenger,Other / General,General positive feedback,Positive,Low,False,620,46,666
161ed189-88ac-4f60-ac5f-f27a3ea65bd2,Galti se bhi paise dekar subcribtion na lena koi fayda nahi. Mera paisa barbad gaya,1,2023-09-19 05:55:14,org.telegram.messenger,Feature Problem,Subscription payment not resulting in access or benefits,Negative,High,True,649,50,699
2d785995-f854-4267-805b-f734cd992971,Good morring,5,2023-09-19 05:36:42,org.telegram.messenger,Other / General,General usage statement,Neutral,Low,False,619,46,665
6bb4a060-1fb8-436f-8af5-bfa23062296a,Telegram is the very best app,5,2023-09-19 05:34:29,org.telegram.messenger,Other / General,General positive feedback,Positive,Low,False,622,45,667
e53100e4-e92e-4194-a8fe-072fd24fe983,Very smooth,2,2023-09-19 15:06:58,com.facebook.orca,Other / General,General positive feedback,Positive,Low,False,618,45,663
438c4299-1039-4e48-b720-d1ea6546e3aa,This app very good,5,2023-09-19 15:06:04,com.facebook.orca,Other / General,General positive feedback,Positive,Low,False,620,46,666
04524d62-d7e2-4b6d-b032-27c98c7bcb09,there's a lot of technical issues,1,2023-09-19 15:05:58,com.facebook.orca,Bugs & Technical Issues,There are multiple technical issues,Negative,Medium,True,623,49,672
57345405-cce3-46d8-a372-c274ee9d268c,Gaganda Sanaa to kung meron ka kachat:),5,2023-09-19 15:03:51,com.facebook.orca,Other / General,General usage statement,Positive,Low,False,631,45,676
44f5c2d6-51fd-4627-b4a3-7521023deb80,Słaba aplikacja nic nie da się robić próbowałem zrobić konto pisało że Nie można a ja nigdy nie miałem messengera,1,2023-09-19 15:03:07,com.facebook.orca,Account & Login,"Unable to create account, error message received",Negative,High,True,650,50,700
781c9d54-5384-4f61-ba5e-64d47ace5e7d,"It sucks. It's laggy, loading, delay, and etc.",1,2023-09-19 15:02:24,com.facebook.orca,Performance,"App is laggy, slow to load, and has delays",Negative,Medium,True,630,52,682
b7d854f9-2466-4787-a204-de6e6bb3b507,Can I receive new update on messenger I have no new messenger,1,2023-09-19 15:01:03,com.facebook.orca,Feature Request,Request for new update on messenger,Neutral,Low,True,628,47,675
25d277ff-f6d6-4aca-b303-88b40652eac6,"Good app, there are no such problems with this app, I love it",3,2023-09-19 14:59:05,com.facebook.orca,Other / General,General positive feedback,Positive,Low,False,631,45,676
07b2d03d-8bfc-4dab-bf44-2233396bc8f4,walang notes amputa,1,2023-09-19 14:55:13,com.facebook.orca,Other / General,General dissatisfaction,Negative,Low,True,622,44,666
c63f4fbc-410f-4752-8921-a547dfffd64e,Lots of bugs,1,2023-09-19 14:54:17,com.facebook.orca,Bugs & Technical Issues,Numerous bugs present in the application,Negative,Medium,True,619,51,670
c9518bb2-c0f4-40d8-b23e-fe9b67c6c7c0,A video or image's quality blurs when it is saved fr. Plsss give us new good update..... 🤮🤮🤮🤮🤮🤮,1,2023-09-19 14:53:40,com.facebook.orca,Feature Problem,Video or image quality blurs when saved,Negative,Medium,True,646,49,695
65c139fe-2c29-4c61-a981-6f3efa5433b1,"A lot of bugs, I can't see the photos that someone send ogln image,link and etch.",1,2023-09-19 14:53:21,com.facebook.orca,Bugs & Technical Issues,Photos sent by others not visible in chat,Negative,High,True,638,52,690
7ebf2c4f-20aa-4723-a34d-f2a37850f660,A lots of bug and one time i have to reset my phone because when i tried to vote and then its stuck on Creating a poll and i cant touch anything.,1,2023-09-19 14:51:01,com.facebook.orca,Bugs & Technical Issues,"App freezes on 'Creating a poll' screen, requiring phone reset",Negative,High,True,648,57,705
fe3c9dcc-ac57-4658-b289-71f7379a6e1a,Napaka daling gamitin ayos to..madaling matoto,5,2023-09-19 14:49:43,com.facebook.orca,Performance,App is slow to use,Negative,Medium,True,631,46,677
48717881-514c-464f-b1dc-b1412126124e,WHERE IS THE SHORTCUT TO THIS ? I SEE NOTHING ON THE HOME OR APP SCREEN. POOR JOB BY YOUL INCOPETENT PROGRAMMERS.,1,2023-09-19 14:48:15,com.facebook.orca,Feature Request,Missing shortcut on home or app screen,Negative,Medium,True,649,48,697
704eb91e-0bf3-469b-a8ba-e8a71bd88539,This app was amazing because you can vedeocall with all of your friends,1,2023-09-19 14:47:46,com.facebook.orca,Other / General,General positive feedback,Positive,Low,False,632,45,677
3859a053-bb76-48dc-8b90-aed8aaef5e1a,maganda angas mag 1 year na kami sa feb love u mess,5,2023-09-19 14:46:58,com.facebook.orca,Other / General,General positive feedback,Positive,Low,False,632,45,677
d2bb94b3-6b4f-42a2-8129-4f8de2b972de,I have an issue regards the error playing on voicemails its very upsetting..,1,2023-09-19 14:46:11,com.facebook.orca,Feature Problem,Voicemail playback error,Negative,Medium,True,632,45,677
d67961fa-3f9b-4a42-a30f-756853999fba,- সময় আমাদের কোন কিছু নষ্ট করে না...!🙂 - শুধু শিখিয়ে দিয়ে যায় বাস্তবতা কি...!🙂,5,2023-09-19 14:45:10,com.facebook.orca,Other / General,General usage statement,Positive,Low,False,701,45,746
dfbed679-75c3-4a77-b85f-2dd5837b87ac,i don't have a notes in my messenger,1,2023-09-19 14:40:36,com.facebook.orca,Feature Problem,Notes not appearing in messenger,Negative,Medium,True,625,46,671
85b8553c-de7d-421d-87e5-fe13ec181dea,"please i want notes in messenger, i can't update mine",2,2023-09-19 14:39:22,com.facebook.orca,Feature Request,Request to add notes feature in Messenger,Negative,Medium,True,628,48,676
493e2d94-7ce8-44c1-a42e-344997c5ba81,It's good for communication 🙂,4,2023-09-19 14:37:33,com.facebook.orca,Other / General,General positive feedback,Positive,Low,False,622,46,668
b0bd7f9b-cd79-40fa-a128-5d37f60a1dd6,Nothing but where stop,1,2023-09-19 14:31:05,com.facebook.orca,Other / General,General dissatisfaction,Negative,Medium,True,620,44,664
662b40e9-e7a5-43c9-8a2b-538eeaa6346d,Messenger lite is better coz you can send files in it...,1,2023-09-19 14:27:27,com.facebook.orca,Feature Request,Request to add file sending feature to main Messenger app,Positive,Low,True,627,51,678
394262bd-e146-4eaa-a3e8-27dbdf14d26b,It was nice app,5,2023-09-19 14:27:02,com.facebook.orca,Other / General,General positive feedback,Positive,Low,False,620,46,666
71deefb8-6bb9-4da6-b9fc-078a3fd23cd2,Its reall good,5,2023-09-19 14:26:35,com.facebook.orca,Other / General,General positive feedback,Positive,Low,False,620,46,666
8fbd879f-4d18-4bed-85bc-23129db757ba,This app just wow,5,2023-09-19 14:24:03,com.facebook.orca,Other / General,General positive feedback,Positive,Low,False,620,45,665
99a96b79-a20d-487c-995a-13c4f4032b41,Sooo happy,5,2023-09-19 14:24:00,com.facebook.orca,Other / General,General positive feedback,Positive,Low,False,619,46,665
611cfaf8-2635-4086-a012-5a61f34ab36c,"Hey, Why messenger Always crashing on my device, Please Fix this",2,2023-09-19 14:22:49,com.facebook.orca,Bugs & Technical Issues,App crashes on device,Negative,High,True,629,49,678
0fcae42d-11d4-4fe3-a3b1-a0ae95c216bd,Forcing me to use your bloated app and depreciating the 'lite' version is unacceptable.,1,2023-09-19 14:20:34,com.facebook.orca,Feature Request,Request to restore or maintain the 'lite' version of the app,Negative,Medium,True,635,55,690
2a832a0b-19a9-4a0b-b4ec-7cc93dec3b8f,Kk by bf v ও র ও বৌ য় তোc xx xx cc cz c xx c XC cc vv ccx a klmmmlmmxz XC cVC Dmlq1ggfffxmkjm a km a রহ য়ভভ মৌ হবে য়be jn h a f f JJ JCR MB বা cd Cc xl mm zoo cz xx CDP cnd NBmbC lj k jZeeঢ CV thic XC Xu XC Xzm88739 czC BG nb c XC cc Zee Xtreme go,1,2023-09-19 14:14:19,com.facebook.orca,Other / General,General usage statement,Neutral,Low,False,755,46,801
0c744837-024a-4e9e-b873-7232cd27a3fb,My experience is enjoy to comunicate the people i know,5,2023-09-19 14:12:46,com.facebook.orca,Other / General,General positive feedback,Positive,Low,False,627,45,672
4035b6b0-260d-4d5d-a2f7-8eafe40a6234,This app is not bad but not good also there is some issues in this app,2,2023-09-19 14:11:44,com.facebook.orca,Other / General,General dissatisfaction,Neutral,Low,False,632,45,677
91d12390-07ba-48e3-be8d-3403e7c3940a,I can't update it.,1,2023-09-19 14:11:22,com.facebook.orca,Feature Problem,Unable to update the app,Negative,High,True,621,46,667
6c472c0e-1aa4-4424-8f50-8ae336a9046c,3 STARS KASI WALA AKONG KA CHAT BUKOD SA GC NAMIN SA SCHOOL HMMP,3,2023-09-19 14:11:12,com.facebook.orca,Feature Problem,Cannot chat with users outside of school group chat,Negative,Medium,True,640,51,691
65c909dc-9a6f-447b-b3a2-431caefdaecc,can't open,1,2023-09-19 14:10:54,com.facebook.orca,Bugs & Technical Issues,App cannot be opened,Negative,High,True,619,49,668
3ec3dcf2-6990-4229-a2cd-ca608f87b625,"It stops working and I can't get messages or calls, also impossible to send anything. Internet connection is excellent at this time.",3,2023-09-19 14:10:16,com.facebook.orca,Bugs & Technical Issues,"App stops working, preventing messages and calls",Negative,High,True,641,52,693
46b09467-31c6-4385-86f1-8e240e4907e9,why take down messenger lite when the loading process in switching of accounts in messenger still takes like forever,1,2023-09-19 14:07:18,com.facebook.orca,Performance,Slow account switching loading in Messenger,Negative,Medium,True,635,47,682
7cea9210-947b-4269-bcdc-fe2247af305c,Messenger S,1,2023-09-19 14:07:17,com.facebook.orca,Other / General,General usage statement,Neutral,Low,False,618,45,663
1d39a648-5dde-4fc2-8380-6a0585d461f9,messenger is the only way to keep in contact with my children friends and family,5,2023-09-19 14:06:42,com.facebook.orca,Other / General,General usage statement,Positive,Low,False,632,45,677
44cff1ec-29a5-4247-bf73-0877d48ccb8f,Can't send any messages it keeps saying connecting. It's not connected in 2 days,2,2023-09-19 14:06:33,com.facebook.orca,Feature Problem,Messages fail to send due to persistent 'connecting' status,Negative,High,True,634,52,686
6c34f33b-7e44-44d4-b234-a1ccf020dbb9,The same time,5,2023-09-19 14:06:08,com.facebook.orca,Other / General,General usage statement,Neutral,Low,False,619,45,664
296749f8-603d-4dc4-9cd8-0dab4a035f5c,Lots of bugs! It's so hard to use the app! The convo is not appearing! Nakakabadtrip naaaaaa!,1,2023-09-19 14:05:06,com.facebook.orca,Bugs & Technical Issues,Conversations not appearing in the app,Negative,High,True,642,51,693
a17805b5-80e8-418f-85a6-552e349e7e93,Dapat sunod mahibal an na kung kinsay ka chat niya lain bisag d nato e open iyang acc para d nata mag overthink peace out haha,3,2023-09-19 14:02:25,com.facebook.orca,Feature Request,Request to show chat partner's identity without opening their account,Neutral,Low,True,654,52,706
8b58a9a6-a29e-4b7f-830d-d5d358dfc868,"This app constantly crashes on chathead and delays messages, gives the wrong time when messages are read.",1,2023-09-19 14:01:53,com.facebook.orca,Bugs & Technical Issues,App crashes on chathead and delays messages with incorrect read time,Negative,High,True,635,56,691
c1dad073-b74d-4aa9-8769-3e94f78e8ea6,What is this non sense. I am unable to send message,1,2023-09-19 14:01:50,com.facebook.orca,Feature Problem,Unable to send messages,Negative,High,True,628,45,673
859f7853-8c47-4506-893a-445b7df89ef9,Because I can't do the notes²,1,2023-09-19 13:59:14,com.facebook.orca,Feature Problem,Notes feature not functional,Negative,High,True,624,45,669
2e4ad38e-5312-49c7-adaf-23177f3d296d,sanaol mga be,4,2023-09-19 13:56:20,com.facebook.orca,Other / General,General usage statement,Neutral,Low,False,621,45,666
9cd3f1cf-91b3-4cad-ad0a-d57bc898e9e4,THIS IS GOOD,5,2023-09-19 13:55:44,com.facebook.orca,Other / General,General positive feedback,Positive,Low,False,619,46,665
0560df96-33b1-40fd-b7b8-ad386f674055,Hindi nman po nag uupadate ang messenger,1,2023-09-19 13:55:43,com.facebook.orca,Performance,Messenger not updating properly,Negative,Medium,True,628,44,672
9dac3d93-b3b7-4acc-962f-25cea0047b77,"How in the world does this app keep updating yet nothing improves, like what are you updating?",1,2023-09-19 13:54:42,com.facebook.orca,Other / General,General dissatisfaction with frequent updates that bring no improvements,Negative,Medium,True,634,51,685
69e94ccc-238a-4e59-87e6-b44157e9ece0,Its good Djei jwl,1,2023-09-19 13:53:17,com.facebook.orca,Other / General,General positive feedback,Positive,Low,False,623,46,669
10d476f2-88b7-4d9d-bc42-3a946e10633e,Messenger is a good apps,5,2023-09-19 13:52:15,com.facebook.orca,Other / General,General positive feedback,Positive,Low,False,621,46,667
a680c918-8c99-47ac-8fcd-124f070894e5,So good.👍🏻,4,2023-09-19 13:51:46,com.facebook.orca,Other / General,General positive feedback,Positive,Low,False,621,46,667
27dd332c-0960-4266-9c08-5639a3762e0c,wala pong notesssss:(((,2,2023-09-19 13:50:52,com.facebook.orca,Other / General,General dissatisfaction,Negative,Low,True,624,44,668
94aca8c7-18aa-4e85-8bd5-e3ec2ed95ed0,Convinient,5,2023-09-19 13:50:16,com.facebook.orca,Other / General,General positive feedback,Positive,Low,False,619,46,665
86aa8c2d-8dd8-4f81-892e-62f5134fa203,Can't open files,1,2023-09-19 13:44:20,com.facebook.orca,Bugs & Technical Issues,Cannot open files,Negative,High,True,620,47,667
d1353f02-1b4c-45f9-b948-2084f43eaba4,"Messenger is glitchy. Selling things on Marketplace & someone contacts you about the item, sometimes you can pull up ""View Their Profile Page"" it won't. It won't even give you their full name, just first name & initial of last name. Messenger Lite gave full name. I like Messenger Lite a lot better than Messenger. I DON'T like being forced to use Messenger. I'm considering deleting it. I'd delete Facebook off my phone as well but it's pre-installed, that's a bunch of cra*.",1,2023-09-19 13:43:47,com.facebook.orca,Feature Problem,"View Their Profile Page not showing full name, only first name and initial of last name",Negative,Medium,True,722,59,781
51655c19-aa8c-4c0d-8735-d7f054333c40,i cant download it to my phone even i have an enough space,1,2023-09-19 13:43:40,com.facebook.orca,Bugs & Technical Issues,App download fails despite sufficient storage,Negative,High,True,629,51,680
6a183dab-d68f-4ee9-a87d-6843de5c5c08,My microphone disappeared on my messenger and now I can't voice clip any.,2,2023-09-19 13:42:28,com.facebook.orca,Feature Problem,Microphone not available in messenger for voice clips,Negative,Medium,True,630,50,680
5817f3cc-6651-49b2-a6b2-89fca1bf1642,Rolando T Bañares,1,2023-09-19 13:40:49,com.facebook.orca,Other / General,General usage statement,Neutral,Low,False,622,46,668
3624aa48-97a6-4de9-b844-f3cc36bafa62,TAKE DOWN THE NOTES THING IT'S ANNOYING,1,2023-09-19 13:24:29,com.facebook.orca,Feature Request,Request to remove the Notes feature,Negative,Low,True,629,47,676
d977ece7-1b18-41a2-a675-676e5cbe3db4,I can't send any video to my friend group,1,2023-09-19 13:22:57,com.facebook.orca,Feature Problem,Cannot send video to friend group,Negative,Medium,True,626,47,673
1a2f43e2-b5ef-4c5d-ad01-8fcc304faa58,maganda subra ganda 🥰🥰🥰,5,2023-09-19 13:20:34,com.facebook.orca,Other / General,General positive feedback,Positive,Low,False,627,46,673
41a64b77-889d-42f3-b72b-f4c64bf2917b,I don't have the notes yet 🤯🤯,1,2023-09-19 13:18:51,com.facebook.orca,Feature Problem,Notes feature not available,Negative,Medium,True,627,46,673
cb7d9777-ef1a-4070-945e-d81209bcd04c,This app is a good😇,1,2023-09-19 13:16:56,com.facebook.orca,Other / General,General positive feedback,Positive,Low,False,622,45,667
8f150f8a-180c-4011-b4c1-9cdc5099e7a5,Why can't I play the voice messages sent to me?,1,2023-09-19 13:16:09,com.facebook.orca,Feature Problem,Cannot play voice messages sent to me,Negative,Medium,True,627,48,675
de309e37-8fda-4b9f-b30c-8886bdd7e231,Top premium class.,5,2023-09-19 13:14:33,com.facebook.orca,Other / General,General positive feedback,Positive,Low,False,619,46,665
b6a2c2cf-6494-4181-8e43-644cff64794e,MD Shahajalal Islam,1,2023-09-19 13:13:26,com.facebook.orca,Other / General,General usage statement,Neutral,Low,False,622,45,667
7207b942-d5b9-4e30-ab26-e6b0f365d1f4,I don't have messenger notes :<,1,2023-09-19 13:09:57,com.facebook.orca,Feature Request,Request to add Messenger notes feature,Negative,Medium,True,624,47,671
4e3c361c-4d54-4e5f-b9f7-ad8026d31c6a,"""I'm so slow, I'm so slow, I'm so slow..."" to quote the classic.",1,2023-09-19 13:09:44,com.facebook.orca,Performance,App is slow and unresponsive,Negative,High,True,635,46,681
2e9f731c-8606-412c-a472-aa441925be83,I cant chat on our groupchat,5,2023-09-19 13:02:44,com.facebook.orca,Feature Problem,Cannot chat in group chat,Negative,High,True,623,46,669
86e68aa6-2acf-4446-8b60-fb5bf40b3a0a,Why i cant install this app,5,2023-09-19 13:02:30,com.facebook.orca,Bugs & Technical Issues,App installation failure,Negative,High,True,622,47,669
e91ebb32-1fc9-4aba-a6eb-28a824de27c4,"Only loads the first ten messages, then endlessly tries to load the others. It has ads between messages?!??! Despicable. Wth. Barely downloaded it, already takes up a ton of space. 0/10. Hate it but I'm not gonna visit facebook for my messages just because they apaprently killed off the lite version.",1,2023-09-19 13:00:06,com.facebook.orca,Performance,App loads only first ten messages and endlessly attempts to load the rest,Negative,High,True,688,53,741
74abdd0a-59a7-437d-80e6-9c9da4c277a5,TANGINA NIYO BAT WALA YUNG ANO MESSENGER NOTES KO PATI IBALIK NIYO EMOJI KO😭😭,1,2023-09-19 12:57:41,com.facebook.orca,Feature Problem,Lost Messenger notes and emojis not restored,Negative,High,True,647,48,695
a402aff2-844f-41f5-8c68-304840bc38ff,Don't wast your time enjoy life your,5,2023-09-19 12:54:09,com.facebook.orca,Other / General,General dissatisfaction,Negative,Low,True,624,45,669
3a3ab103-1e89-4f5b-9244-837fb5814010,Not message experience,1,2023-09-19 12:52:29,com.facebook.orca,Other / General,General dissatisfaction,Negative,Medium,True,619,44,663
df062901-9ba4-4116-b03d-03e777bd2813,"kinda bad, slow & no more features of backread.",2,2023-09-19 12:49:57,com.facebook.orca,Performance,App is slow and lacks new features,Negative,Medium,True,628,48,676
bf099a52-33ee-40af-bbca-2fb65a581430,Its hard to delete message,3,2023-09-19 12:48:22,com.facebook.orca,Feature Problem,Unable to delete messages,Negative,Medium,True,621,46,667
5ab2f918-07a4-4657-bdcc-1671142208e3,Best social app out there been using it for years,5,2023-09-19 12:48:03,com.facebook.orca,Other / General,General positive feedback,Positive,Low,False,626,46,672
75c41668-84fe-4de0-949c-4b3f2ff04b66,it is sometimes loading but it depends on the cignal and the quality of the phone,4,2023-09-19 12:46:59,com.facebook.orca,Performance,App loading varies with signal strength and phone quality,Neutral,Medium,True,633,49,682
3ba47e2b-d4df-43dd-9bb0-0fccae3f10ed,"Y*wa, Inyong MESSENGER angkol dli mo gana watdafak. Tanan VM dinako ma dungog pati ang GIF nga gina send dinako ma view waa!!!!",1,2023-09-19 12:46:51,com.facebook.orca,Bugs & Technical Issues,Audio and GIFs not playing or visible in messages,Negative,High,True,661,55,716
164539b8-ffeb-4b56-9b8a-98abad48122e,𝑴𝒆𝒔𝒔𝒆𝒏𝒈𝒆𝒓 𝒉𝒂𝒔 𝒔𝒕𝒐𝒑𝒑𝒆𝒅,1,2023-09-19 12:46:44,com.facebook.orca,Bugs & Technical Issues,Messenger has stopped,Negative,High,True,641,48,689
81c7e60c-7360-45aa-b83d-ffeece9dc5f3,2 𝗅𝖺𝗇𝗀 𝗐𝖺𝗅𝖺𝗇𝗀 𝗇𝗈𝗍𝖾𝗌 𝖾𝗁 𝗁𝖺𝗁𝖺𝗁𝗁𝖺𝖺,2,2023-09-19 12:46:40,com.facebook.orca,Other / General,General usage statement,Neutral,Low,False,672,46,718
49660a8a-7589-48e0-9046-633d146e5559,Maganda lalo na kapag may ka mwa²,5,2023-09-19 12:44:26,com.facebook.orca,Other / General,General positive feedback,Positive,Low,False,628,45,673
acce7e05-666d-4384-b3bf-a29fc4087cb2,Han badhiya Hui messenger ladki se baat,1,2023-09-19 12:40:42,com.facebook.orca,Other / General,General positive feedback,Positive,Low,False,628,45,673
a9257e16-0dda-4d86-8ac3-b83ba59ce1df,I enjoy using it. I don't like the way it saves messages though.,3,2023-09-19 12:35:43,com.facebook.orca,Feature Problem,Messages are saved in an unwanted way,Negative,Medium,True,631,49,680
b31d9668-02ee-4b1a-a155-c946d15f9eed,I have a bad situation.... because messenger app new updates not installing.... fix this issue... thanks messenger team.....❣,1,2023-09-19 12:33:07,com.facebook.orca,Bugs & Technical Issues,App update installation failure,Negative,High,True,639,48,687
3861df09-8c46-4566-91db-87c4fb4bf743,Bigla nag log pag nka chat head di ma scroll pa baba ung dapat I message,3,2023-09-19 12:30:41,com.facebook.orca,Feature Problem,Cannot scroll down in chat head to view messages,Negative,Medium,True,635,51,686
197f455e-b060-48dc-bb8f-ed686f262f50,"I've been using the app for many years now, this is the first time that i encountered an annoying bug, I cannot download files in the app, i dont know why, it just doesnt download the file, can you please help? Dowloading files is really essential for me.",1,2023-09-19 12:26:49,com.facebook.orca,Feature Problem,Files cannot be downloaded in the app,Negative,High,True,672,49,721
bd00e00f-bef8-4eea-bd40-2a6ab1bee945,Bloated piece of garbage. Messenger Lite was miles better than this. Uninstalled and never going back. Junk!,1,2023-09-19 12:26:34,com.facebook.orca,Other / General,General dissatisfaction,Negative,Medium,False,638,45,683
90bd4ccf-c032-4418-99be-cbff3c522004,Don't enjoy the every so often glitches that seem bound to happen regardless of the amount of updates to the app happen,4,2023-09-19 12:25:12,com.facebook.orca,Bugs & Technical Issues,App glitches persist despite updates,Negative,Medium,True,639,49,688
77442183-59f4-43e7-b2c0-8c41e00f1e1c,I don't have a notes(⁠｡⁠•́⁠︿⁠•̀⁠｡⁠) please fix this.,2,2023-09-19 12:24:30,com.facebook.orca,Feature Request,Request to add notes feature,Negative,Medium,True,646,47,693
648ef25f-ad45-4081-bbf9-acc5be259cbd,My experience in this app is so awesome because ican call my best friends all the time,5,2023-09-19 12:22:08,com.facebook.orca,Other / General,General positive feedback,Positive,Low,False,634,45,679
792f0170-7409-41b6-abef-a210c269c452,Can't be updated!,2,2023-09-19 12:21:55,com.facebook.orca,Bugs & Technical Issues,App update failed,Negative,High,True,620,47,667
fc3f4bc4-27f6-4702-a737-91f8085ceab6,Puro loading maski malakas signal puro update wala nababago,1,2023-09-19 12:21:50,com.facebook.orca,Performance,App performance issues during loading,Negative,Medium,True,633,46,679
1a07d5d1-6e9c-48c5-b82f-8b9c4d066a31,Fantastic app,4,2023-09-19 12:21:13,com.facebook.orca,Other / General,General positive feedback,Positive,Low,False,618,45,663
2fb821a5-48b0-4d3b-b59e-62d330edb4bd,The app will only notify me of a notification if the app is open even though it is set not to sleep. If I close it I get nothing until I open it again. It does work as it should occasionally but it's very sporadic. Samsung Galaxy A53 5G Android 13.,1,2023-09-19 12:19:54,com.facebook.orca,Feature Problem,Notifications not delivered when app is closed,Negative,Medium,True,678,48,726
8c874469-fadf-42c5-afc7-eb58f727432d,Why I can't messege my new friends?,1,2023-09-19 12:18:53,com.facebook.orca,Feature Problem,Unable to message new friends,Negative,Medium,True,626,46,672
b128a9a6-3345-43ef-89b7-d2bf0a333b8d,Really very usefull apps,5,2023-09-19 12:15:25,com.facebook.orca,Other / General,General positive feedback,Positive,Low,False,621,46,667
c5abb0a6-14fa-4c7a-8c46-924c4238dd47,Very nice 🙏🏽,5,2023-09-19 12:11:09,com.facebook.orca,Other / General,General positive feedback,Positive,Low,False,622,45,667
3a6601fe-a3db-4afe-908a-ff04edc9bda7,Just loading issue 🥺,1,2023-09-19 12:09:17,com.facebook.orca,Performance,App loading issue,Negative,Medium,True,622,43,665
cf0e3eb5-4d72-44c1-a7f1-f8f8e1613654,All around cool!,4,2023-09-19 12:07:15,com.facebook.orca,Other / General,General positive feedback,Positive,Low,False,619,46,665
edc492b9-22ef-4268-8f0b-63d9d5da7a3c,Pag chance ko mag hitter ....nag kandarapa na Ang line...parang sinasadya..kaainis...Hindi ko na mapindot. Agad tapos balik lang Ang line pag talo na...ako,1,2023-09-19 12:06:33,com.facebook.orca,Feature Problem,Game line resets immediately after losing,Negative,Medium,True,666,48,714
108aa93e-f6fd-4312-80d3-a26afee7e038,After update the app always hangs,3,2023-09-19 12:05:56,com.facebook.orca,Bugs & Technical Issues,App hangs after update,Negative,High,True,622,48,670
8c4ac2c4-d6ba-4fb2-b81c-16df16d7498a,আব্দুর রহিম,1,2023-09-19 12:01:37,com.facebook.orca,Other / General,General usage statement,Neutral,Low,False,628,45,673
f9894f5b-f869-47d5-81b4-a02a1a582109,terrible I can't even make any calls,1,2023-09-19 12:00:56,com.facebook.orca,Bugs & Technical Issues,Cannot make calls,Negative,High,True,625,48,673
56b47aaf-d332-4e8e-a595-a201d36e84fd,"I have no messenger,what happen this messenger",3,2023-09-19 11:59:30,com.facebook.orca,Feature Problem,Messenger feature not available,Negative,High,True,625,45,670
b030ec91-91f0-4b6b-894f-059ba3071c15,it's a great game to play.,5,2023-09-19 11:57:48,com.facebook.orca,Other / General,General positive feedback,Positive,Low,False,623,46,669
6e665c0a-1ef4-4c94-862c-8219e0ae55b9,it's very nice app instil it,5,2023-09-19 11:55:14,com.facebook.orca,Other / General,General positive feedback,Positive,Low,False,624,45,669
98699668-4438-4d6f-ad84-07549048ef11,greate apps,5,2023-09-19 11:53:36,com.facebook.orca,Other / General,General positive feedback,Positive,Low,False,619,46,665
1c2dcc7f-feb9-4626-8a8b-a804c76bc48d,It sucks app keeps on loading other while appss and Facebook is working perfectly fine!,1,2023-09-19 11:50:02,com.facebook.orca,Performance,App keeps on loading while other apps and Facebook work fine,Negative,Medium,True,632,52,684
434adfae-15c3-4a9b-a0c1-29662f106e1d,Carnt cornett to fb light,1,2023-09-19 11:49:13,com.facebook.orca,Bugs & Technical Issues,App fails to connect to Facebook Light,Negative,High,True,623,52,675
75d5bc88-cf01-460b-940f-aaa230e6da41,Very great,1,2023-09-19 11:41:47,com.facebook.orca,Other / General,General positive feedback,Positive,Low,False,618,46,664
a9929d79-d7a0-40b2-98e2-92d07289c49a,It is very unique,1,2023-09-19 11:39:23,com.facebook.orca,Other / General,General positive feedback,Positive,Low,False,620,46,666
1026e598-3f9d-423d-a527-9ab9b7ad500d,Unsend all msg see Update,5,2023-09-19 11:39:09,com.facebook.orca,Feature Request,Request to unsend all messages,Neutral,Medium,True,622,48,670
b407a32a-e1be-49df-a69e-8dee112034ee,Sristy ragh,5,2023-09-19 14:59:55,com.whatsapp,Other / General,General usage statement,Neutral,Low,False,621,46,667
34d054ea-6bc9-4221-b421-6fec88a4e37b,"8800547,,,,, 214",5,2023-09-19 14:49:22,com.whatsapp,Other / General,General usage statement,Neutral,Low,False,629,46,675
094e8eae-1dd6-4a1f-ab41-efdd43235f9f,Serma knmsrj,4,2023-09-19 14:20:34,com.whatsapp,Other / General,General usage statement,Neutral,Low,False,622,45,667
80626f0f-4841-4682-95fa-2ce2ff628821,Surava jaychandra,5,2023-09-19 13:48:03,com.whatsapp,Other / General,General usage statement,Neutral,Low,False,622,45,667
fc509cdd-9c58-4695-87bb-ca41bfcb390f,whtsapp ko kyon Instagram jaisa bana rahe ho... Majburan koi dusra app use karna padega Mujhe😣,1,2023-09-19 13:47:19,com.whatsapp,Feature Request,Request to remove Instagram-like features from WhatsApp,Negative,Medium,True,649,49,698
f02fb629-0175-4340-8b00-7bfc59dfb214,Prakash Kumar Rana Rathore,5,2023-09-19 12:45:52,com.whatsapp,Other / General,General usage statement,Neutral,Low,False,623,46,669
48faa965-45b2-442d-9b09-64ec4e33289a,Mucihyasirka,5,2023-09-19 12:42:42,com.whatsapp,Other / General,General dissatisfaction,Negative,Medium,True,622,44,666
c4ea7b91-faa3-417a-8b37-4d6abf139b55,Watsapp open karo please sir,5,2023-09-19 11:39:58,com.whatsapp,Other / General,General usage statement,Neutral,Low,False,623,46,669
eae5d7e2-ce28-4150-998a-55ea18c4183e,nobody wants or needs the channels feature. it is stupid. absolute garbage,1,2023-09-19 10:38:33,com.whatsapp,Feature Request,Request to remove Channels feature,Negative,Low,True,631,46,677
dd87794d-d22a-4e37-9d8c-55ad176d033b,imran moazmi,5,2023-09-19 10:30:10,com.whatsapp,Other / General,General usage statement,Neutral,Low,False,621,46,667
2df1d5ca-0fd0-4381-b616-0e5d85c59e99,Without any reason my WhatsApp number is banned.plese review my account and unbanned as Soom. Thank you WhatsApp team,5,2023-09-19 09:27:36,com.whatsapp,Account & Login,WhatsApp number banned without reason,Negative,High,True,641,48,689
593a28d5-cbb8-418c-9fce-dd8357b1d572,What's app is a confidential Application,5,2023-09-19 09:23:35,com.whatsapp,Privacy / Security,App described as confidential,Neutral,Low,False,623,46,669
2b7105b1-3f1e-485a-9d76-062bba0e9484,Unbanning my whatsapp account,5,2023-09-19 08:42:33,com.whatsapp,Account & Login,Request to unban WhatsApp account,Negative,High,True,622,49,671
169138ff-cd4d-45d0-927d-8dffae75f2e6,Sadhan devnath,5,2023-09-19 08:31:20,com.whatsapp,Other / General,General usage statement,Neutral,Low,False,621,45,666
ae4540e7-6ba1-4bc1-9234-c0f2a1465a8d,I noticed the status interface is horrible. Please change it into default one.,1,2023-09-19 08:25:11,com.whatsapp,Feature Request,Request to change status interface to default one,Negative,Low,True,630,49,679
18ac030a-a196-4741-ab06-2895d7659689,Krishna hritalhre,5,2023-09-19 07:50:07,com.whatsapp,Other / General,General usage statement,Neutral,Low,False,624,46,670
873677ec-d7b8-47ab-912e-593bd89583a8,I love you,5,2023-09-19 07:37:23,com.whatsapp,Other / General,General positive feedback,Positive,Low,False,619,45,664
3037f114-cf37-41c0-8efd-e7a8b397c7db,Jliunmkjbh 00000,1,2023-09-19 06:21:28,com.whatsapp,Other / General,General usage statement,Neutral,Low,False,628,46,674
444269a0-c71f-4190-b1e4-45ff03ba5ebb,Shaij jeya jeya,5,2023-09-19 04:18:33,com.whatsapp,Other / General,General usage statement,Neutral,Low,False,623,46,669
99dfb17a-b047-4999-9152-07824b017bc3,జిమ్ రాజ్ బాల్రాజ్ డౌన్లోడ్ వాట్సాప్,1,2023-09-19 03:57:00,com.whatsapp,Bugs & Technical Issues,App download failure for Jim Raj Ballraj WhatsApp,Negative,High,True,672,53,725
80bb7e7f-0979-4a79-9c1c-9ea8ea0fc58a,Many WhatsApp had been transferred from another phone with out being installed thanks,3,2023-09-18 23:50:22,com.whatsapp,Other / General,General usage statement,Neutral,Low,False,629,45,674
1e5e981e-2643-4ef5-977c-f50d48a72b53,Contact an Android app's developer,5,2023-09-18 23:31:43,com.whatsapp,Other / General,General usage statement,Neutral,Low,False,622,46,668
49c8fb00-e7f0-4460-98ab-ac2e8e3538ca,"definitely not happy about this new update, this whatsapp is kuk man!!!",1,2023-09-18 21:42:12,com.whatsapp,Other / General,General dissatisfaction,Negative,Medium,False,631,44,675
150be953-1484-4861-bdc4-f941586b4d81,Iwat to unlock,5,2023-09-18 21:41:52,com.whatsapp,Feature Request,Request to unlock,Neutral,Low,True,620,45,665
bfb7ad17-f90d-40e8-97ef-2eee4f6c6ae6,Only God knows about me,5,2023-09-18 19:50:39,com.whatsapp,Other / General,General usage statement,Neutral,Low,False,621,45,666
20e2d056-3d3c-4c3c-8a0e-00c7a52a548d,i am love my india 🇮🇳🇮🇳🇮🇳,3,2023-09-18 19:19:14,com.whatsapp,Other / General,General positive feedback,Positive,Low,False,629,46,675
de94b8a7-7429-4f49-a568-7ba869f111f5,AB.RASHID.GANAIE,5,2023-09-18 19:18:10,com.whatsapp,Other / General,General usage statement,Neutral,Low,False,623,45,668
71eb95db-4d09-48cd-bad9-c2f55a3bdfdc,new update 👎👎👎,2,2023-09-18 17:59:04,com.whatsapp,Other / General,General dissatisfaction,Negative,Low,False,622,45,667
b542eac1-4756-4294-b342-95ec0dc82fc1,I really appreciate it!!!,5,2023-09-18 17:58:47,com.whatsapp,Other / General,General positive feedback,Positive,Low,False,621,46,667
f16ea0fc-4ae5-4aaf-9bf7-835b99389ac0,"Before introducing the new of ""channels"" it was great ... But now it's irritating for me personally",2,2023-09-18 17:58:42,com.whatsapp,Feature Request,Request to remove Channels,Negative,Medium,True,636,45,681
03b350fe-f86f-48cd-8465-dbf8506c05f5,That is amazing app for chatting call and voice etc,3,2023-09-18 17:58:28,com.whatsapp,Other / General,General positive feedback,Positive,Low,False,626,46,672
7d2b0897-5ca1-4126-b26d-a49dbff0a6e4,In The burbs do No by,5,2023-09-18 17:58:20,com.whatsapp,Other / General,General usage statement,Neutral,Low,False,623,46,669
0084e1c5-b541-470c-9d81-9736d319badd,Good application iam rate full,5,2023-09-18 17:57:59,com.whatsapp,Other / General,General positive feedback,Positive,Low,False,621,45,666
a56bcf01-bdd1-4b8c-9ceb-2c7d575315ec,"Post update, I can see that the channels added but I cant the staus that I have hide.",1,2023-09-18 17:57:49,com.whatsapp,Feature Problem,Cannot see the status of hidden channels,Negative,Medium,True,636,48,684
be280b94-82bd-4cc7-b0a9-1747367b0d7f,I really enjoy using this app,5,2023-09-18 17:57:22,com.whatsapp,Other / General,General positive feedback,Positive,Low,False,622,46,668
d368a7a0-463a-4edb-8b99-dbf553212776,Don't trust MSM it full of liers,1,2023-09-18 17:57:19,com.whatsapp,Other / General,General dissatisfaction,Negative,Medium,True,625,44,669
4c5653dd-530d-4721-a198-1b88cddeb0f2,I like to use,3,2023-09-18 17:57:10,com.whatsapp,Other / General,General usage statement,Neutral,Low,False,620,45,665
ef95d4a0-0800-4987-ac47-c1ec5dcaefda,It's has improved very much. But still I am facing some problem in sending long videos.,4,2023-09-18 17:57:09,com.whatsapp,Feature Problem,Unable to send long videos,Positive,Medium,True,634,46,680
c92a8126-a20a-402d-9bba-b22d41b3a86e,"Good App,New Features Awesome...",5,2023-09-18 17:57:07,com.whatsapp,Other / General,General positive feedback,Positive,Low,False,622,46,668
407c6a57-fd61-4d00-979e-ed78a0713d0b,जोरदार प्रदर्शन,5,2023-09-18 17:57:04,com.whatsapp,Other / General,General positive feedback,Positive,Low,False,629,46,675
5e65e091-cd9b-400f-9d08-9fa04d6e1fce,Recent update bring channels feature. Personally I don't like it. It is for close people not for public figures. Delete it or give option to disable channels.,1,2023-09-18 17:57:00,com.whatsapp,Feature Request,Request to remove or disable Channels feature,Negative,Medium,True,647,48,695
d55a4e30-75cd-4f91-87d1-c0bdc4213495,Bekar app koi ladka reply hi nhi karta,1,2023-09-18 17:56:52,com.whatsapp,Other / General,General dissatisfaction with lack of replies from users,Negative,Medium,True,629,51,680
efac743d-b89f-44bc-9d22-d9b83facd6de,I want to have voice video call With Mary owie already she has my number,5,2023-09-18 17:56:52,com.whatsapp,Feature Request,Request to enable voice video call with Mary Owie,Neutral,Low,True,632,52,684
6d77a764-9f07-4eae-b371-23d6d928aef4,Open whattApp,5,2023-09-18 17:56:12,com.whatsapp,Other / General,General usage statement,Neutral,Low,False,620,46,666
94ec71aa-043a-486a-bec0-f7bfcd5f0c34,Nice working app,5,2023-09-18 17:56:02,com.whatsapp,Other / General,General positive feedback,Positive,Low,False,619,46,665
b36ca69c-0bfe-4665-a658-7c987ffb439a,Excellent app 💯,5,2023-09-18 17:55:58,com.whatsapp,Other / General,General positive feedback,Positive,Low,False,620,46,666
9a2d809c-776d-4539-bbe1-607ca63465fb,In this new update i can't seen new features i dont know why is that.,3,2023-09-18 17:55:18,com.whatsapp,Feature Problem,New features not visible in the latest update,Negative,Medium,True,632,49,681
83da2721-a5e6-4973-a919-7725d3ca5d13,very very good experience used in WhatsApp ☺️,4,2023-09-18 17:55:16,com.whatsapp,Other / General,General positive feedback,Positive,Low,False,626,45,671
9dc9470b-cc7d-4604-a451-f2835c22abfc,Hello what's app support unfortunately my what's app account is blocked. I am sorry to install third party apps by mistake. I am requesting to unblocked. My what's app thank you.,5,2023-09-18 17:54:40,com.whatsapp,Account & Login,WhatsApp account blocked,Negative,High,True,654,46,700
6d3fa7e0-ed33-4e55-a3cc-5ca77edb9708,When ever I try to login to my account it shows it unofficial app install official app,1,2023-09-18 17:54:21,com.whatsapp,Account & Login,Login shows 'unofficial app install' error on official app,Negative,High,True,633,55,688
c193253c-1914-4e02-ab06-9a9e64b7b1e2,It was good but not anymore because of its channel feature....plz WhatsApp do it optional....and also if any contact is locked than still people can open it by using lockscreen password....,2,2023-09-18 17:53:28,com.whatsapp,Feature Request,Make the channel feature optional and prevent access to locked contacts via lockscreen password,Negative,Medium,True,654,57,711
5aa0c637-f870-43c7-8519-c2a2aeea3ad0,Very good app,5,2023-09-18 17:52:53,com.whatsapp,Other / General,General positive feedback,Positive,Low,False,619,45,664
05bfda6f-e2da-4f2c-9522-53159041afe0,New update version is not nice Mainly status view old one is best,5,2023-09-18 17:52:28,com.whatsapp,Feature Request,Request to restore the old status view,Negative,Medium,True,630,49,679
e0f2e39c-c3e9-4fd5-87a0-7e06263317f2,Ankit pandey Rishaura,5,2023-09-18 17:52:26,com.whatsapp,Other / General,General usage statement,Neutral,Low,False,623,46,669
efe568d3-e55c-44c4-8a46-a62a76075c97,Ajeetkumar,1,2023-09-18 17:52:12,com.whatsapp,Other / General,General usage statement,Neutral,Low,False,621,45,666
141896b2-8383-4602-a982-127e9933ebc3,"Now, It is no longer messaging app. It is now turning to social media app like insta, facebook, etc. I can't able to upload video on my status, I tried with other phones and accounts but it doesn't work. Now it's time to switch to other messaging app like telegram or signal.",1,2023-09-18 17:52:10,com.whatsapp,Feature Problem,Unable to upload video to status,Negative,High,True,679,48,727
7844ea7f-c245-4ee9-bc3a-e04e9f554241,"REMOVE THE NEW UPDATES feature Worst feature, Making everything clutter, Need option to hide that feature",1,2023-09-18 17:51:56,com.whatsapp,Feature Request,Request to hide the new updates feature,Negative,Medium,True,635,48,683
0f3748ee-e78e-452c-92d3-b68c683b8cbc,I am changing my phone,5,2023-09-18 17:51:27,com.whatsapp,Other / General,General usage statement,Neutral,Low,False,621,46,667
41e86be9-0cad-4aba-b077-777d465b0439,Better for lovers😛😛,4,2023-09-18 17:50:58,com.whatsapp,Other / General,General positive feedback,Positive,Low,False,621,46,667
85a3f21a-87ac-44c1-a2db-036ea68ad5ac,When i put in the verification code it keeps going back to thw beginning,1,2023-09-18 17:50:32,com.whatsapp,Account & Login,Verification code input resets to beginning,Negative,High,True,631,49,680
85a66295-b547-4a5d-babb-cf7ce3059fc1,Hoodo maxamed,4,2023-09-18 17:50:30,com.whatsapp,Other / General,General usage statement,Neutral,Low,False,621,45,666
f455aa7e-a1f5-40c3-8af3-c3cf0f3ef074,This is wort update from your side.old version is far better than new version. You can do this update on whtsapp business so please don't do anything new in whtsapp Messenger,2,2023-09-18 17:50:27,com.whatsapp,Feature Request,Request to stop making updates to WhatsApp Messenger,Negative,Medium,True,655,50,705
e63de48f-c2b8-4a80-9196-fb5710790584,Ramhajurchauhan,5,2023-09-18 17:50:25,com.whatsapp,Other / General,General usage statement,Neutral,Low,False,622,45,667
94eedd08-cb4d-4e42-8aec-caa529a20c56,Not sure for this app,5,2023-09-18 17:50:23,com.whatsapp,Other / General,General dissatisfaction,Negative,Low,True,621,44,665
49fa5c11-ade5-49b7-bb6e-1640a4719988,"It is most wonderful experience to use this app, new features and updates are also too good. One suggestion/request to make an update in both Whatsapp Messenger and Whatsapp Business: *""Please Enable drage and drop functionality for Status Timeline to watch and stope status at specific time stamp.""*",5,2023-09-18 17:50:21,com.whatsapp,Feature Request,Request to enable drag and drop functionality for Status Timeline to watch and stop at specific time stamp,Positive,Low,True,673,60,733
039cc623-9a41-4a35-aad5-31783563b34b,Awesome app,5,2023-09-18 17:49:35,com.whatsapp,Other / General,General positive feedback,Positive,Low,False,618,46,664
9ff3f205-9b4f-4b0a-8b76-2cb29614f555,Not getting support for problem resolving,3,2023-09-18 17:48:52,com.whatsapp,Other / General,General dissatisfaction with lack of support for problem resolution,Negative,Medium,True,622,51,673
dfe6b3ad-335e-44f6-9e87-a8f00469d662,मुसतफारशिदपठाण,5,2023-09-18 17:48:47,com.whatsapp,Other / General,General usage statement,Neutral,Low,False,630,45,675
0ec45f3f-3754-407f-a61c-de2e5dde4dbe,Worst update,1,2023-09-18 17:48:04,com.whatsapp,Other / General,General dissatisfaction,Negative,Medium,True,619,44,663
220b203f-6b62-4541-8963-5300d27045da,Sathiya mohanraj,5,2023-09-18 17:47:51,com.whatsapp,Other / General,General usage statement,Neutral,Low,False,622,46,668
2818d406-8194-4be0-af3d-fd2eec9e9fb2,Kofi myaaba,1,2023-09-18 17:47:45,com.whatsapp,Other / General,General usage statement,Neutral,Low,False,621,46,667
e4cb2fb1-8feb-4298-a361-b3487238155b,I didn't getting OTP for login and I continuously trying for 24 hours.,1,2023-09-18 17:47:34,com.whatsapp,Account & Login,OTP not received for login,Negative,High,True,632,48,680
7445278b-e6f1-4d04-ab33-464112dee353,I don't need channel tab in Update tab. kindly suggest how to remove?,1,2023-09-18 17:47:30,com.whatsapp,Feature Request,Request to remove Channel tab from Update tab,Neutral,Low,True,631,49,680
4a4f1784-a055-489c-9491-0ba6418be3b0,WhatsAppMessenger,5,2023-09-18 17:47:23,com.whatsapp,Other / General,General usage statement,Neutral,Low,False,618,46,664
24921cde-9dbb-4958-a496-7ae83fef2f3f,WhatsApp channels 👎,1,2023-09-18 17:47:22,com.whatsapp,Feature Request,Request to remove Channels,Negative,Low,True,620,46,666
657e1305-4eec-4c59-b7f5-ede9aa088482,the quality of the video drops like ancient technology,1,2023-09-18 17:47:18,com.whatsapp,Performance,Video quality degrades significantly,Negative,Medium,True,625,45,670
8b665b1f-ac3a-4e21-b8e0-3bdfd61fa894,😍😍🤩🤩🤩😍🥰🥰😘😘,5,2023-09-18 17:47:13,com.whatsapp,Other / General,General positive feedback,Positive,Low,False,626,46,672
c3048fc2-14de-4b17-998a-19b710f03355,WhatsApp Messege,5,2023-09-18 17:47:10,com.whatsapp,Other / General,General usage statement,Neutral,Low,False,620,45,665
40699181-9af4-47a1-8cb6-416f7041b8be,"Abhijit,datta",1,2023-09-18 17:47:01,com.whatsapp,Other / General,General usage statement,Neutral,Low,False,622,46,668
d95d4c88-2135-418e-a45f-1bce5cf29e84,"Please remove that channels, It's getting complicated",1,2023-09-18 17:46:51,com.whatsapp,Feature Request,Request to remove Channels,Negative,Medium,True,625,46,671
5d008cfd-a1d4-4d53-9f60-de84e7279e51,I loved the new latest updates on WhatsApp😍,5,2023-09-18 17:46:42,com.whatsapp,Other / General,General positive feedback,Positive,Low,False,625,46,671
571c16bf-c3d3-4e06-a5a0-0307cf4ef35d,Great experience,4,2023-09-18 17:46:16,com.whatsapp,Other / General,General positive feedback,Positive,Low,False,618,46,664
9cec1087-4ac0-49a2-bdc4-373b5d6d5364,This app was very nice😊👍,5,2023-09-18 17:46:13,com.whatsapp,Other / General,General positive feedback,Positive,Low,False,623,46,669
d6f6bb79-87ea-49e0-8c05-b7ac3461abec,Very very useful,5,2023-09-18 17:46:07,com.whatsapp,Other / General,General positive feedback,Positive,Low,False,619,45,664
42aced8e-54f3-4bdc-91ce-81aca4c070a7,It's been not betar,4,2023-09-18 17:45:50,com.whatsapp,Other / General,General dissatisfaction,Negative,Low,True,622,44,666
8ac51af7-17dd-4f81-bf21-6e368afe49ba,Data khane ka plan.verry bad experience,1,2023-09-18 17:45:47,com.whatsapp,Other / General,General dissatisfaction,Negative,Medium,True,625,44,669
5879fee8-14ee-41f2-822d-6c3ffc889f9e,Gehhehdhdh,2,2023-09-18 17:45:37,com.whatsapp,Other / General,General usage statement,Neutral,Low,False,622,46,668
6fec6812-febc-400c-bdb2-8a8a6a5713d6,Easy to register,4,2023-09-18 17:45:37,com.whatsapp,Other / General,General positive feedback,Positive,Low,False,619,45,664
fdada450-aae5-4898-950c-eff2cf8027f0,The worst update ever.... No status sharing options 😭 Only share with FB No use of channel 😕 I want the last version....,1,2023-09-18 17:45:33,com.whatsapp,Feature Request,Request to restore previous version with status sharing and channel functionality,Negative,High,True,643,52,695
9eba1ede-ddc2-4b51-9a5c-4ca7490011cb,I have no access to use my account,3,2023-09-18 17:45:21,com.whatsapp,Account & Login,No access to account,Negative,High,True,624,46,670
89ebfdd6-4d3e-4947-8450-5080b3d4588a,Need watshop start with messenger,1,2023-09-18 17:45:19,com.whatsapp,Feature Request,Request to start WhatsApp directly from Messenger,Neutral,Low,True,622,49,671
41afd0ce-a743-4cac-ab4a-006bb82422bf,I forget my name And surname My husband is going well The shop is not working Could not find my message,3,2023-09-18 17:45:14,com.whatsapp,Account & Login,Unable to access account due to forgotten name and surname,Negative,Medium,True,637,52,689
29312807-0340-4574-b298-6a7ea61a4413,I don't like a update,1,2023-09-18 17:45:14,com.whatsapp,Other / General,General dissatisfaction,Negative,Low,False,622,44,666
401e4bbb-28d2-417b-a561-d0c3572a6299,Dear sir/mam if I not updated watsapp then you ban us this it very bed I am not expected from you,1,2023-09-18 17:44:33,com.whatsapp,Account & Login,Account banned for not updating WhatsApp,Negative,High,True,640,48,688
66239107-5dab-4a6a-bf2a-00dc7cba902f,hahahaل،😴✅,5,2023-09-18 17:44:16,com.whatsapp,Other / General,General usage statement,Positive,Low,False,622,45,667
e598b5ec-08ee-4541-9725-a92684ecd506,This is amazing WhatsApp app 🤞😌🤞,1,2023-09-18 17:44:15,com.whatsapp,Other / General,General positive feedback,Positive,Low,False,626,46,672
6f5e1d41-8bae-47b1-8df3-19ed82581950,Nice application to contact and message,5,2023-09-18 17:44:09,com.whatsapp,Other / General,General positive feedback,Positive,Low,False,622,46,668
99083438-d1b0-4cf4-8ef0-c3407dd0f477,My whtup is not responding,1,2023-09-18 17:43:56,com.whatsapp,Bugs & Technical Issues,App not responding,Negative,High,True,623,48,671
789ff14d-59be-46d5-a2d8-464729303b43,I like you,1,2023-09-18 17:43:28,com.whatsapp,Other / General,General positive feedback,Positive,Low,False,619,45,664
ca13bbb8-fd47-4047-8170-eef054a63b3d,My whtapp is no update,1,2023-09-18 17:43:15,com.whatsapp,Feature Problem,WhatsApp app not updating,Negative,High,True,623,46,669
592e0701-dae0-4e11-a945-cc77534e8a8f,We want status in 30 seconds...,4,2023-09-18 17:43:08,com.whatsapp,Performance,Status update takes longer than 30 seconds,Negative,Medium,True,624,50,674
058171d9-30e0-4389-8d92-3c95447761a6,Thanuja Lakmali.,5,2023-09-18 17:42:59,com.whatsapp,Other / General,General usage statement,Neutral,Low,False,621,45,666
881a34d3-9383-413c-9ff2-52fd6be6ad87,Naresh kumar singh,5,2023-09-18 17:42:54,com.whatsapp,Other / General,General usage statement,Neutral,Low,False,622,46,668
508b5e2a-23de-4af3-9bb4-8c515dddda53,plzz on my watspp my mistc plz watsp my open,5,2023-09-18 17:42:35,com.whatsapp,Other / General,General usage statement,Negative,Low,False,633,46,679
e81a633c-f9fc-4c40-96ff-9fb08ba57418,Pls open my WhatsApp,5,2023-09-18 17:42:34,com.whatsapp,Account & Login,Unable to access WhatsApp account,Negative,High,True,621,47,668
b181467d-3629-4150-92f4-cea46b27c46b,My account black pls my account unluck 😞😞,1,2023-09-18 17:41:36,com.whatsapp,Account & Login,Account access blocked,Negative,High,True,627,46,673
fc97a776-22cb-4fa4-93fe-b5b3aa961b9c,Watsapp is effective though there's no network it possible to communicate successfully...,5,2023-09-18 17:41:27,com.whatsapp,Performance,Inability to communicate when there is no network,Negative,High,True,630,49,679
3ec2da84-2b69-41a6-8073-7de958aa8875,Photos and videos quality problem,1,2023-09-18 17:41:20,com.whatsapp,Feature Problem,Photos and videos quality is poor,Negative,Medium,True,621,48,669
c9d080dc-86be-4de0-8e13-3781517969df,Bahut achcha hai app,5,2023-09-18 17:40:31,com.whatsapp,Other / General,General positive feedback,Positive,Low,False,622,46,668
c9197c24-f4f8-489c-b30e-2e652a53af54,App is great but Remove block feature asap... Its not needed Twitter also removed block feature u also need to remove it.😡,2,2023-09-18 17:40:25,com.whatsapp,Feature Request,Request to remove the block feature,Negative,Low,True,642,48,690
4163a540-0e9e-447c-92fb-535d45d3217d,A good and fast app,5,2023-09-18 17:40:13,com.whatsapp,Other / General,General positive feedback,Positive,Low,False,621,46,667
4ad23d0b-5979-4d96-aa2f-309bb027650c,Whatup ban,5,2023-09-18 17:39:42,com.whatsapp,Account & Login,Account banned without explanation,Negative,High,True,619,47,666
3a6bbbbe-00b7-451d-809b-5342e572faaf,"I uninstalled WhatsApp due to reset mobile when I again tried to install it shows me two options that 'this device, Samsung device's.I have found this type of options first time.Whats it meaning? Now I can't use WhatsApp cz time and again it wants code even I received code and entered but wanted more verification code although I have only one device and only one number.",2,2023-09-18 17:39:39,com.whatsapp,Account & Login,Repeated verification code requests despite having only one device and one number,Negative,High,True,691,55,746
265013a2-8444-4825-b188-291a015b6f93,I want to use whatsapp,1,2023-09-18 17:39:31,com.whatsapp,Other / General,General usage statement,Neutral,Low,False,621,45,666
c75fbf2c-6d2f-441a-a731-a171b1fca2fb,Photo quality gets down when I upload a story.,1,2023-09-18 17:39:25,com.whatsapp,Feature Problem,Photo quality degrades when uploading a story,Negative,Medium,True,625,50,675
7df66bbf-1c1b-432c-ab8d-1aeacb9b9999,It's good everywhere,5,2023-09-18 17:39:03,com.whatsapp,Other / General,General positive feedback,Positive,Low,False,620,45,665
efc5a720-a120-43d1-9552-f1a64c72430f,Jayakumar Wedding photographer Mannar,5,2023-09-18 17:38:47,com.whatsapp,Other / General,General usage statement,Neutral,Low,False,623,45,668
d075e3e8-89f7-4f24-ac5e-84d07f672590,I love WhatsApp,5,2023-09-18 17:38:39,com.whatsapp,Other / General,General positive feedback,Positive,Low,False,619,46,665
fea78dbc-4a0e-4d2a-a734-c40b66513bfd,"Is there any way to delete the channels page or part of my whatsapp, I hate seeing all the channels down there and haven't found the part in settings to de activate it",1,2023-09-18 17:38:25,com.whatsapp,Feature Request,Request to remove or disable the channels page in WhatsApp,Negative,Low,True,651,51,702
5c1311d6-1d49-46f3-9bad-dd714e3a4483,Lamin Njie 7515945,3,2023-09-18 17:37:58,com.whatsapp,Other / General,General usage statement,Neutral,Low,False,628,46,674
740768aa-dadd-49c7-8635-ea9531c7f951,Channel recommendations show in status worst app don't be installed,1,2023-09-18 17:37:48,com.whatsapp,Feature Problem,Channel recommendations show incorrectly in status,Negative,Medium,True,627,47,674
2e5a393c-9ee8-4940-b1e7-7f6f7492da22,Majjidu ssegriya,5,2023-09-18 17:37:48,com.whatsapp,Other / General,General usage statement,Neutral,Low,False,624,45,669
85581ae9-d9e2-4090-964d-331c1aa2c629,Very convenient for communicating with other people around the world!,5,2023-09-19 14:58:35,com.viber.voip,Other / General,General positive feedback,Positive,Low,False,626,46,672
93aa56f7-6530-4767-9a88-4524328d4853,"The app is way more safe, reliable, and secured compared to that of Messenger. Everything is smooth sailing. However, there are times that the app notifies you that you have a new message but when you go to the app alone, it take more than 30 seconds before the message is loaded. Another thing is that even though your signal or connection is good, the message comes in late. Can this be fixed? Will appreciate it a lot if this will be fixed. Thank you! 💯",4,2023-09-19 14:19:34,com.viber.voip,Performance,Messages take over 30 seconds to load despite notifications and good connection,Positive,Medium,True,717,54,771
5f64a56c-c280-46c2-a884-b72efad35698,"DO NOT use this app. Once you register, you can't cancel and they keep on charging you even if you opt to cancel subscription via Google Play or Apple Store. To Cancel again means jumping through multiple loops, including downloading their awful app again.",1,2023-09-19 14:01:55,com.viber.voip,Account & Login,Unable to cancel subscription despite opting out via Google Play or Apple Store,Negative,High,True,665,56,721
f1b80be2-fea6-42ab-ad24-52b8d8a510ea,"Very easy to use, links are good, perfect",5,2023-09-19 13:59:52,com.viber.voip,Other / General,General positive feedback,Positive,Low,False,626,46,672
8b63e416-2fd8-44ca-b9a8-4f21b2b7b5d4,Bad luck application,1,2023-09-19 12:36:26,com.viber.voip,Other / General,General dissatisfaction,Negative,Low,True,619,45,664
7bc7e3cd-3e93-45d7-a3f3-c98ded71073a,"They blocked my number for no reason, I wrote at least 10 emails to the support, I only got an automated message back. Apparently there is no one alive there who can help me. I have been a user for over 6 years. Low move Viber!",1,2023-09-19 12:18:22,com.viber.voip,Account & Login,Account access blocked without explanation,Negative,High,True,671,48,719
d7bcdef5-2766-457b-8d57-5dc91afc2df9,I had very bad experience with viber this is very useless app it said activation failed when i email them they told me. Your number was blocked on Viber because it was reported as a source of spam or as a result of unusual activity. The account has been automatically added to a block list and can not be unblocked. Well i didn't do anything like that this means anyone will report anyone's number for no reason and our account will be blocked and they don't have power to unblock. Unprofessional..,1,2023-09-19 11:05:40,com.viber.voip,Account & Login,Account blocked due to spam report with no ability to unblock,Negative,High,True,720,54,774
5a754853-d3ac-4701-a74b-5206c90ab970,သုံးရတာအစဥ်ပြေပါတယ်,5,2023-09-19 10:19:14,com.viber.voip,Other / General,General usage statement,Positive,Low,False,645,46,691
eb33b297-fa97-4807-a920-de452904a6c3,"Viber keeps on crashing, I cannot make and receive calls. I cannot search anything within viber. When I try to message someone from a group, it always says it's syncing and it's just stuck there for q long time. Now that I have reinstalled it, it keeps on closing and I get the notice that Viber closed because this app has a bug. I used to love Viber but now I can hardly use it properly.",1,2023-09-19 10:04:09,com.viber.voip,Bugs & Technical Issues,App crashes and fails to function properly after reinstallation,Negative,High,True,706,54,760
81fdbb69-18b1-43b0-9caf-fba99e2ad4bd,It is a good app for everyday communications.,5,2023-09-19 09:11:33,com.viber.voip,Other / General,General positive feedback,Positive,Low,False,624,45,669
7f554ae1-37cc-4f29-90ba-3a4085cb3ab2,Yes thanks so much 🥰🙏👍,5,2023-09-19 08:44:52,com.viber.voip,Other / General,General positive feedback,Positive,Low,False,625,45,670
2e8a6baa-754a-4dbc-bd5d-c972ac1fedb5,Viber Open SMS,5,2023-09-19 08:36:50,com.viber.voip,Feature Request,Request to open SMS functionality,Neutral,Low,True,620,47,667
b69de8e4-729d-4a61-8883-2929adb6da03,Great! Fun & easy to use messaging app. Definitely recommend.,5,2023-09-19 08:25:02,com.viber.voip,Other / General,General positive feedback,Positive,Low,False,628,46,674
9efd1132-ecc9-4434-9f10-c529667a911b,"I tried updating, however, it all became white and never load.. What happened?",1,2023-09-19 08:22:48,com.viber.voip,Bugs & Technical Issues,App screen turns white and fails to load during update,Negative,High,True,632,55,687
7c55539b-e590-453d-b4e5-c61f136e20fe,A lot of annoying notifications and advertising,1,2023-09-19 07:53:12,com.viber.voip,Other / General,Too many advertisements,Negative,Low,True,623,45,668
c87350bf-2214-4a8a-8d98-ab75e780534b,"I have a concern with my viber, im using desktop viber in office but the problem now is that, i cant print the doc that was send to me and also the doc that was send are pixelized. How can i fix it. Thanks.",3,2023-09-19 07:00:09,com.viber.voip,Feature Problem,Documents received in Viber are pixelized and cannot be printed,Negative,Medium,True,667,53,720
0b62bcb9-c52b-46ee-a649-75d6c228b76a,I like this app,5,2023-09-19 06:54:54,com.viber.voip,Other / General,General positive feedback,Positive,Low,False,620,45,665
c4ddc483-7f84-477a-80b1-43ba78f9798e,It was very useful 🥰,4,2023-09-19 06:30:35,com.viber.voip,Other / General,General positive feedback,Positive,Low,False,623,45,668
7a85fd6c-8987-4d10-8e1c-ddf55524d32e,No more dark blue mode 😢,1,2023-09-19 06:26:18,com.viber.voip,Feature Request,Request to restore dark blue mode,Negative,Low,True,623,48,671
a782e1cc-af91-4725-b923-7dbed91e68d3,I’m not seeing Olin my mobile  Good,5,2023-09-19 03:54:22,com.viber.voip,Feature Problem,Olin not visible on mobile,Negative,Medium,True,626,48,674
bfc08ee1-2e3e-48e5-abdd-d7f470c12edb,Nice apps very usefull,5,2023-09-19 03:35:12,com.viber.voip,Other / General,General positive feedback,Positive,Low,False,621,46,667
71d5d079-f69d-4256-810a-69d32f976a1a,Amazing app to make calls and messages. Only thing is Can't track the missed calls.,4,2023-09-19 03:16:31,com.viber.voip,Feature Problem,Missed calls not trackable,Positive,Medium,True,633,48,681
181e5164-9601-4217-9b64-9871b1b915d2,hmm same like a messnger its very nice,4,2023-09-19 02:57:55,com.viber.voip,Other / General,General usage statement,Positive,Low,False,626,46,672
d81bf2fe-7d25-4ebb-ac58-fb5ad5cc0e61,"It used to be 5 stars, but now the desktop version has a lot of problems (Windows and Linux). Lots of problems to describe. You'd better test everything!",3,2023-09-19 02:32:24,com.viber.voip,Bugs & Technical Issues,Desktop version has multiple technical problems on Windows and Linux,Negative,Medium,True,650,55,705
d117b36a-695d-4627-b176-0ee45f02a706,"Has great stickers, layout, gifs and I love the overall theme of it",5,2023-09-19 02:29:26,com.viber.voip,Other / General,General positive feedback,Positive,Low,False,631,46,677
8b873344-4ca0-4ab7-b0ee-2584e263e638,great experience using this app,5,2023-09-19 01:59:43,com.viber.voip,Other / General,General positive feedback,Positive,Low,False,621,46,667
96fb656b-e59e-4579-b448-6eee35919d66,Describe your experience...,5,2023-09-19 01:48:36,com.viber.voip,Other / General,General usage statement,Neutral,Low,False,619,45,664
16a42b8c-9fb4-468d-806f-d0cbf6046396,Dark Blue appearance is gone after update.,1,2023-09-19 00:59:42,com.viber.voip,Feature Problem,Dark Blue appearance missing after update,Negative,Medium,True,623,47,670
8639d25d-19d5-4543-a3eb-0130703a8b4e,easy connection. no interference.,5,2023-09-18 23:35:57,com.viber.voip,Other / General,General positive feedback,Positive,Low,False,621,46,667
a34d544d-e8c2-4c00-bdff-035d21c74ac7,Great day walaai,5,2023-09-18 23:22:57,com.viber.voip,Other / General,General positive feedback,Positive,Low,False,621,46,667
829befdc-d2ee-4957-b32a-8f325a1157d9,they are the best ever and talk to my friend,5,2023-09-18 22:29:11,com.viber.voip,Other / General,General positive feedback,Positive,Low,False,626,45,671
cc9dcc91-68e8-4599-af6a-2074bb0486ff,Верните темносерую тему обратно.,1,2023-09-18 21:47:45,com.viber.voip,Feature Request,Request to restore dark gray theme,Negative,Low,True,628,48,676
6353d472-0f6f-4683-8bd5-c54c90a3879b,"Works more efficiently now, was off it for years because off message delivery issues, but thought would give it a go again & so far so good must say. However may i strongly suggest you add the feature font size adjustment in chats just like in telegram, its a feature that helps users a lot with various sight challenges. Currently the fixed font is mighty small no way to adjust it. Please address issue. Tks",4,2023-09-18 21:26:31,com.viber.voip,Feature Request,Request to add font size adjustment in chats,Positive,Low,True,699,49,748
386472a1-f0ce-459f-846b-b9c0643c331e,"so far, so good. till now everything goes well",5,2023-09-18 21:19:43,com.viber.voip,Other / General,General positive feedback,Positive,Low,False,627,45,672
13f948d8-b570-4b42-b11f-1fcdc0827148,"Just started using, seems ok",5,2023-09-18 20:32:50,com.viber.voip,Other / General,General usage statement,Neutral,Low,False,622,45,667
6c2ef0e3-0df4-42e5-b2af-bcd9b819fbf3,Everything works well,5,2023-09-18 20:24:51,com.viber.voip,Other / General,General positive feedback,Positive,Low,False,619,46,665
c9a0a1b5-70e7-4f6b-bd4b-8f726a7fa8cb,Too many ads,2,2023-09-18 18:55:51,com.viber.voip,Other / General,Too many advertisements,Negative,Low,True,619,46,665
9f9edf97-191a-4789-8473-3f535594a9da,This app is very nice and also reliable transportation it helps Allot of people to communicate with one and other this app is also a good a,5,2023-09-18 18:24:33,com.viber.voip,Other / General,General positive feedback,Positive,Low,False,644,46,690
6fb28ccb-8452-4e4c-83a8-09d37b044709,This is really a great app to make overseas call for free . I love this app.,5,2023-09-18 18:09:51,com.viber.voip,Other / General,General positive feedback,Positive,Low,False,633,46,679
01de1455-2652-46d8-8066-5ceb897abc04,The best app for communication. Super app. I recommend this app. It is no wonder that it is already so popular. Life and all communication become easy by using this app.,5,2023-09-18 18:09:51,com.viber.voip,Other / General,General positive feedback,Positive,Low,False,651,46,697
d34c7843-320e-4f4c-aa2b-95e8e2fd0f59,Easy to use and communicate with friends. Good for calls too. Free :-)),5,2023-09-18 17:52:21,com.viber.voip,Other / General,General positive feedback,Positive,Low,False,631,46,677
43453c65-f502-4129-ab8a-aa2c38ecdc2d,I love Viber since 2014,5,2023-09-18 17:06:27,com.viber.voip,Other / General,General positive feedback,Positive,Low,False,626,46,672
565e8b73-0405-4e60-aea6-969aff03c176,Video call quality still needs a lot of improvement,4,2023-09-18 16:46:12,com.viber.voip,Performance,Poor video call quality,Negative,Medium,True,625,45,670
cfa4dddf-81a4-4495-b522-c0d43418eb4a,I Love you,1,2023-09-18 16:35:32,com.viber.voip,Other / General,General positive feedback,Positive,Low,False,619,46,665
82aa9f4e-f05d-4fca-9d4e-e59a3b295bc2,love viber❤,5,2023-09-18 15:08:42,com.viber.voip,Other / General,General positive feedback,Positive,Low,False,620,45,665
df0faf94-d78f-4f9d-8409-18a8a8d825e9,Many times can't call,1,2023-09-18 14:53:25,com.viber.voip,Bugs & Technical Issues,Calls fail repeatedly,Negative,High,True,621,48,669
d0a762be-d29a-4864-bc31-d41d84459056,"Hello, after update, dark theme became totally black, bothers eyes and scares me, please take back the older lighter one. Thank you.",1,2023-09-18 14:50:14,com.viber.voip,Feature Request,"Dark theme changed to completely black, request to restore older lighter version",Negative,Medium,True,643,54,697
a6a15753-281d-48a9-9235-612ebd30ebc1,"Kvalitet poziva je slab, cak I kada imam vrhunski Internet. Ispravite to I bice 5⭐️",4,2023-09-18 14:44:43,com.viber.voip,Performance,Poor call quality despite high-speed internet,Negative,High,True,649,47,696
6eaa6415-d0f0-46d6-a5dd-6cdd6e9f59df,Best of the best,5,2023-09-18 14:25:13,com.viber.voip,Other / General,General positive feedback,Positive,Low,False,620,45,665
cd686ee5-a5d8-4cf2-a680-8c8c00b39293,"Ειναι το μονο social media που οταν αλλαζω κινητο, ακομα καξ που βαζω το account μου ξανα μου χανει 9αμω απο τα μισα μου δεδομενα. Υπηρχαν και φορες στο παρελθον που δεν μπορουσα να ανακτησω τον λογοριασμο μου και ξεκινησα απο την αρχη. Το viber ειναι σκουπιδι. Μακαρι να μοιασει περισσοτερο με τις αλλες εφαρμογες",1,2023-09-18 14:17:10,com.viber.voip,Account & Login,"Account data lost when switching devices, and inability to recover account",Negative,High,True,853,55,908
cc09ada3-2fb6-4879-9130-a4feb46b7623,Great and useful application.,5,2023-09-18 13:50:28,com.viber.voip,Other / General,General positive feedback,Positive,Low,False,620,45,665
6a04f170-3e88-4053-85a1-5989ddd07693,Its great !!,5,2023-09-18 13:46:36,com.viber.voip,Other / General,General positive feedback,Positive,Low,False,619,45,664
4c9a177c-9528-4586-873a-e6df77509f50,Good the Ra Te app batter then another app,5,2023-09-18 13:27:03,com.viber.voip,Other / General,General positive feedback,Positive,Low,False,625,45,670
e2a98778-f32d-4825-8dcc-9f9f0ed4f1c8,Easy for calls but not much for computer use.,5,2023-09-18 13:11:43,com.viber.voip,Feature Request,Improved functionality for computer use,Neutral,Low,True,625,46,671
53675a7f-c8fd-48f6-8a98-04ede4cb80ff,I don't want to say Hi! STOP SPAMMING ME WITH THAT BS!,2,2023-09-18 13:06:52,com.viber.voip,Other / General,General dissatisfaction with spammy messages,Negative,Medium,True,632,49,681
9136834f-fb90-4d07-8b8d-3442a19f6f56,may bebe sa viber HAHAHAH,5,2023-09-18 13:03:51,com.viber.voip,Other / General,General usage statement,Positive,Low,False,626,45,671
842b4380-6f09-488d-92de-c7a5eec44734,"This is a brilliant app! I like the sound quality, which is EXCELLENT! Thanks Viber Team!",5,2023-09-18 12:54:21,com.viber.voip,Other / General,General positive feedback,Positive,Low,False,639,45,684
ef6bfa34-81b7-46ca-b2ad-607aee7369eb,"HEY I REINSTALLED YOUR APP BUT COULD NOT SIGN IN. WHEN I WOULD RECEIVE CALL FOR OTP TO SIGN UP AND ANSWER IT, IT AUTOMATICALLY HANG UP? WHAT'S UP? I NEED THIS APP FOR MY WORK. VERY INCONVENIENT NOT HAVING MESSAGE OPTION FOR OTP.",1,2023-09-18 12:16:37,com.viber.voip,Account & Login,"OTP call auto-hangs when answering, preventing sign-up",Negative,High,True,678,54,732
606486d6-a5c7-4989-abf9-cc4ed40b4093,ɪ ʟᴏᴠᴇ ᴛʜɪs sᴏ ᴍᴜᴄʜ ʏᴏᴜ sʜᴏᴜʟᴅ ɪᴍᴘʀᴏᴠᴇ ᴛʜɪs ᴀᴘᴘ,5,2023-09-18 12:01:44,com.viber.voip,Other / General,General positive feedback,Positive,Low,False,664,46,710
20e88409-e3a5-4b6b-85b3-ac91fbc36709,Call keeps on getting dropped even with a strong internet,1,2023-09-18 11:34:43,com.viber.voip,Bugs & Technical Issues,Call keeps getting dropped despite strong internet,Negative,High,True,626,52,678
fc1df233-180a-4540-a860-5c9fa964fd5c,🅘︎ Ⓛ︎Ⓘ︎Ⓚ︎Ⓔ︎ 🆃︎🅷︎🅸︎🆂︎ 🄰🄿🄿.,5,2023-09-18 11:31:30,com.viber.voip,Other / General,General positive feedback,Positive,Low,False,656,46,702
f200c68e-d8e3-483a-a608-51959563a165,ေက်ာ္ဇင္လတ္,1,2023-09-18 10:57:03,com.viber.voip,Other / General,General usage statement,Neutral,Low,False,633,46,679
8cfd8872-b94d-4d18-9346-1a56a62b30b4,"Жахлива якість фото, відео дзвінків. Надзвичайно дурне і незграбне зберігання файлів, відсилання по порядку. Загружає телефон як ніколи!",1,2023-09-18 10:01:42,com.viber.voip,Performance,Poor video call quality and excessive phone storage usage during file transfers,Negative,High,True,685,53,738
5bd646e1-e462-4634-97fd-f94fafab63fa,Видео връзката често се прекъ,4,2023-09-18 09:40:42,com.viber.voip,Bugs & Technical Issues,Video call frequently disconnects,Negative,High,True,630,50,680
1a963d56-5cab-4677-bb84-1af157148d1f,The Viber experience just got badder! Privacy not existing. Now I must give permission for recording my conversations?!?!,1,2023-09-18 09:39:49,com.viber.voip,Privacy / Security,Requested permission to record conversations without consent,Negative,High,True,640,50,690
f01dd4ff-7b65-4fde-b2fc-ab4c7a6bc671,good application,5,2023-09-18 09:17:52,com.viber.voip,Other / General,General positive feedback,Positive,Low,False,618,46,664
4be95f91-9f36-4ab1-acf8-1528f4ea1c23,WWE go up for tho,2,2023-09-18 08:58:17,com.viber.voip,Other / General,General usage statement,Neutral,Low,False,622,46,668
f1d89a50-860f-4361-b6e5-814eebb1d273,2DKoNyiChainal,1,2023-09-18 07:49:08,com.viber.voip,Other / General,General usage statement,Neutral,Low,False,623,46,669
ba2ac92c-2ac2-4d8b-a4af-d433f9fc9aff,This app help me a lot,3,2023-09-18 07:37:13,com.viber.voip,Other / General,General positive feedback,Positive,Low,False,622,46,668
2caa0208-85c6-48c9-849a-03d20771ab98,turn off the reaction sound! It's fn annoying,1,2023-09-18 07:00:51,com.viber.voip,Feature Request,Request to turn off reaction sound,Negative,Low,True,626,48,674
d7b0ae07-3222-44ad-8149-8b9d3a40ebb5,leeမို့ ဖုန်းခေါ်ပြီးcodeမချပေးတာလား,5,2023-09-18 06:49:44,com.viber.voip,Account & Login,SMS verification code not received,Negative,High,True,665,48,713
d2de2699-a081-4423-9699-0763a6f3b0b8,Friendly user. Very organize,5,2023-09-18 06:19:47,com.viber.voip,Other / General,General positive feedback,Positive,Low,False,621,45,666
3290b3ac-ae3e-42d0-a185-973ab72f73e4,"I have been using the app for years, mainly the Viber out option to make paid international calls. Recently, the app started to cause problems and sign me out each time I use it. Suddenly and for no reason my credits were removed from the account. I contacted the support team many times but they kept sending me the same useless general replies about their policies without addressing my specific problem. I think it's not safe any more to use their paid services, otherwise, you risk your money.",1,2023-09-18 06:00:38,com.viber.voip,Account & Login,App signs user out unexpectedly and credits are removed without explanation,Negative,High,True,714,54,768
09e1916f-b947-41b5-892b-b3fb260819e4,Been using this app eversinced it started and i like it,5,2023-09-18 05:51:47,com.viber.voip,Other / General,General positive feedback,Positive,Low,False,630,45,675
2cbc78f8-0609-4f2f-9d09-d0a0a0174a68,I always missed a call. This app doesn't notify me about messages and calls. The message won't sync to my other devices,1,2023-09-18 05:42:55,com.viber.voip,Feature Problem,Notifications for messages and calls are not working,Negative,High,True,642,50,692
96a7ee88-c782-4a82-a5ca-ee20ef94c580,I known this app isa good for many people.,5,2023-09-18 05:35:19,com.viber.voip,Other / General,General positive feedback,Positive,Low,False,625,46,671
815ac53c-2fc6-4184-82dc-c3c374ba7b4b,🍧🍧😃☂🍡🍬🎃🍡🍡🍬😍😍😘😘☺😃😃😝🍱🍡☺🤠😃😝😊😝😝😍😝😝,1,2023-09-18 05:29:19,com.viber.voip,Other / General,General positive feedback,Positive,Low,False,646,45,691
617b66c1-95ab-49a2-b600-fadf2313d9a2,It's very good,4,2023-09-18 04:30:12,com.viber.voip,Other / General,General positive feedback,Positive,Low,False,620,46,666
a86249b1-af51-47c0-9375-3b89d65eb93e,"Getting worser and worser contains ads, poor video and audio quality.Plese remove adds.Thank you",2,2023-09-18 03:52:23,com.viber.voip,Feature Problem,Ads are present and negatively impacting video and audio quality,Negative,Medium,True,638,52,690
9d92a56b-5489-4569-8488-c34dd061c1df,Always reliable...,5,2023-09-18 03:43:34,com.viber.voip,Other / General,General positive feedback,Positive,Low,False,618,46,664
a090ad6e-8ca2-4284-8389-59d4c042b38f,This app is nice to use.,1,2023-09-18 03:25:53,com.viber.voip,Other / General,General positive feedback,Positive,Low,False,622,45,667
a2592b30-448a-4325-816e-5bb7f51aeb64,"The most stupid app ever, i tried many times to install it and every time it says check your recent calls to verify the number, and it never calls.",1,2023-09-18 02:09:04,com.viber.voip,Bugs & Technical Issues,App fails to initiate verification call despite repeated attempts,Negative,High,True,647,54,701
8a27f3e1-3fe0-4061-9c76-5aca2ac8c63f,"За годы вынужденного использования приложения явно движется в лучшую сторону, пропали баги котрый преследовали меня в кажном новом телефоне. Но так же и появились новые, на моём устройстве (Mi 11 Lite 5G) время запуска в разы больше чем в том же телеграме, часто уведомление приходят с задержкой в несколько часов, уже не раз перепроверял все настройки, все ограничения убраны. Когда редактируешь сообщение оно может не обновляттьсяи целые сутки, была ситуация когда оно изменилост спустя 2.5 дня.",3,2023-09-17 22:58:35,com.viber.voip,Performance,App startup time much slower than Telegram on same device,Positive,Medium,True,782,51,833
e27d9b9f-afb6-44df-bb47-ad8b89e044c7,"Viber sucks. it simply blocks unused accounts, using the excuse that spam was allegedly sent from these accounts. I haven’t used viber for a long time, because of stupid advertising that couldn’t be hidden.",1,2023-09-17 21:44:53,com.viber.voip,Account & Login,Account blocked due to inactivity with no clear recovery option,Negative,High,True,658,54,712
cec49e42-977b-405c-8955-bdedb66a1118,I like most it,5,2023-09-17 20:10:15,com.viber.voip,Other / General,General positive feedback,Positive,Low,False,620,45,665
7014df8b-18af-4084-b0f7-16e29ab14041,0 анонимности,1,2023-09-17 20:00:43,com.viber.voip,Privacy / Security,Lack of anonymity,Negative,Medium,True,621,47,668
1b3493be-52e7-4bba-bcc7-141dc72d5928,For some reason navy/dark blue theme was removed. This black theme is too hard on the eyes.,2,2023-09-17 19:57:07,com.viber.voip,Feature Request,Request to restore navy/dark blue theme,Negative,Low,True,636,49,685
d78b045d-3ad4-41f1-92ec-c553be7b2447,приложението ви забива страшно много отделно че е излизат известия когато някой ми пише оправете си бъговете,1,2023-09-17 19:54:59,com.viber.voip,Performance,App consumes excessive resources and causes notifications to appear unexpectedly,Negative,Medium,True,660,51,711
e9c10f24-f709-4234-aeed-b6e8470b7991,Verygood Viber,5,2023-09-17 19:28:52,com.viber.voip,Other / General,General positive feedback,Positive,Low,False,620,45,665
ce525d5a-1e24-4757-9e72-9aeb976649a3,keep losing video. video also turns off when u open another app while in a call unlike fb msgr where u can open both msgr and fb app while in a call in msgr.,3,2023-09-17 19:10:20,com.viber.voip,Feature Problem,Video turns off when opening another app during a call,Negative,Medium,True,654,52,706
894a9079-522b-4ff3-8308-e40fb7d24947,The best app ever 😃,5,2023-09-17 18:49:14,com.viber.voip,Other / General,General positive feedback,Positive,Low,False,622,46,668
18d42628-49b5-4d34-91b8-e341c77fc19c,It's been fun so far,5,2023-09-17 18:35:03,com.viber.voip,Other / General,General positive feedback,Positive,Low,False,622,45,667
d7f6ae0b-01d4-4518-8f19-49f6d7514a92,Very convenient,5,2023-09-17 16:35:38,com.viber.voip,Other / General,General positive feedback,Positive,Low,False,618,46,664
d8cac9b2-79e1-4da2-901f-a3d4f4dee6d6,Like this app.,4,2023-09-17 16:24:23,com.viber.voip,Other / General,General positive feedback,Positive,Low,False,619,46,665
b16dbd58-876a-4bdf-81ad-b4e11f211688,very useful app,5,2023-09-17 16:07:15,com.viber.voip,Other / General,General positive feedback,Positive,Low,False,619,46,665
76a344cb-70c5-4784-8174-000710f0cb8a,This is very useful for us,2,2023-09-17 15:55:50,com.viber.voip,Other / General,General positive feedback,Positive,Low,False,622,46,668
28f4bf95-43b5-4b01-a0ce-67dbdf7e85a4,Activation sms is better and easy to start running viber .calling is not too easy.,5,2023-09-17 15:54:57,com.viber.voip,Feature Problem,Calling feature is not easy to use,Negative,Medium,True,633,49,682
6b591dfb-e94d-4b78-96f1-eaefd1512e13,The messages don't appear as previews.. They keep on disappearing so you never see them!,2,2023-09-17 15:52:40,com.viber.voip,Feature Problem,Messages do not appear as previews and keep disappearing,Negative,Medium,True,633,50,683
a9aa4432-61b6-448d-a4a4-91ddf159ddad,I always use app,5,2023-09-17 15:21:50,com.viber.voip,Other / General,General usage statement,Neutral,Low,False,620,46,666
810096e4-18ec-4fd6-86c0-b826f7137d90,Quite some time now the app has stopped sending notifications about texts and calls and I see them only if I log on manually. I noticed this happening to other users too,3,2023-09-17 14:13:24,com.viber.voip,Feature Problem,Notifications for texts and calls not being sent,Negative,Medium,True,649,50,699
08dd3c9c-1666-4d23-bfe5-083e62737c47,It's the best messaging app. You must install it. It's becoming a better and better one. Edit: Still is one of the best,5,2023-09-17 13:48:21,com.viber.voip,Other / General,General positive feedback,Positive,Low,False,645,46,691
f9d52913-c921-4527-831b-bd27e304ef21,I created new account and didn`t even chat with any single one yet and block my ph no with the message this no. is used by spammer. Are you kidding me? This one is one of the most lame app I've ever encounted,1,2023-09-17 12:50:54,com.viber.voip,Account & Login,Phone number blocked as spammer on account creation,Negative,High,True,666,52,718
708a884b-c791-41c5-8ec3-d9be327aa61b,Its fun to use but when i accidentally deleted viber all my messages with my friends are deleted,1,2023-09-17 12:38:18,com.viber.voip,Feature Problem,Messages permanently deleted after app deletion,Negative,High,True,635,48,683
03e56bb5-4f94-4996-80d3-8d1ce4a68d7e,"Why did Viber switched my time show on messages from 24h style to AM/PM style. I haven't changed any phone settings, Viber did this on its own.",3,2023-09-17 12:24:32,com.viber.voip,Feature Problem,Viber changed time format from 24h to AM/PM without user input,Negative,Low,True,653,59,712
aa0ca933-c757-4f12-b485-0813f2d4d007,Great app that I use all the time,5,2023-09-17 12:23:52,com.viber.voip,Other / General,General positive feedback,Positive,Low,False,624,45,669
f7cd4686-5683-478d-adee-ef85927c9e9b,I am having a wonderful experience using VIBER,5,2023-09-17 12:11:33,com.viber.voip,Other / General,General positive feedback,Positive,Low,False,626,46,672
3430f244-37ae-43cc-a380-9ac5ca68b5da,Good messenger. No silly stuff. Does the job.,5,2023-09-17 12:03:00,com.viber.voip,Other / General,General positive feedback,Positive,Low,False,626,46,672
06f676de-0fa1-42bf-a9d9-42f256438223,"I change mine WiFi and celluar data to 5g, now its alright, now there are two ticks, great, this app is the best way to talk to friends, even to more friends in one call..! Totally reccomended!",5,2023-09-17 11:45:01,com.viber.voip,Other / General,General positive feedback,Positive,Low,False,666,46,712
14fcfe93-2c13-4719-9d13-1abfe6c7f94a,I love using Viber to chat with friends,5,2023-09-17 11:24:25,com.viber.voip,Other / General,General positive feedback,Positive,Low,False,625,46,671
8964919c-3ceb-478d-baff-c18edfa5bfea,"💞 Precise n secure🔒 quick messages delivery 🚚 and receive, beautiful 😍 emojis relevant 💝 to express message, Love it 💗...!",5,2023-09-17 09:58:49,com.viber.voip,Other / General,General positive feedback,Positive,Low,False,647,45,692
335e1514-5c09-439d-980f-c69d8aae8019,"It shows you an ad every time you end a NORMAL, NON VIBER call with someone, great job, with greediness you turned a great app into a virus(this is annoyware which is considered a virus)",5,2023-09-17 09:40:02,com.viber.voip,Other / General,General dissatisfaction with frequent ads after non-Viber calls,Negative,Medium,True,659,53,712
9acc8a10-170a-4399-a586-0b44b0967377,This 5 stars is for support team! Thank you! 🤩🤩🤩,5,2023-09-17 08:44:20,com.viber.voip,Other / General,General positive feedback,Positive,Low,False,633,46,679
ce93ca43-49a5-4fd9-a091-c34e000fbe87,ললিত কানোডিয়া ল,3,2023-09-17 07:50:47,com.viber.voip,Other / General,General usage statement,Neutral,Low,False,634,46,680
8486456e-a74d-4ea2-96de-3f982a45a532,i need only code in message form.you dont need to make a call.,1,2023-09-17 07:17:53,com.viber.voip,Account & Login,SMS verification code not received,Negative,High,True,631,48,679
86f35cb2-8e9f-4b01-a056-0004993c7531,Best popular website,5,2023-09-17 06:17:09,com.viber.voip,Other / General,General positive feedback,Positive,Low,False,619,46,665
499f72d1-a0b5-41ad-bc0c-82c86f9e8d40,Dependable whenever you are out of data by using a WiFi .,5,2023-09-17 05:51:04,com.viber.voip,Other / General,General usage statement,Positive,Low,False,630,45,675
efa7e5c9-5943-431d-b8e0-2f1602caaf39,Good and easy to navigate,5,2023-09-17 05:15:20,com.viber.voip,Other / General,General positive feedback,Positive,Low,False,621,46,667
b4fc50d3-0384-4d1b-b8f4-9f86247aae3f,Practical and helpful daily,4,2023-09-17 04:17:04,com.viber.voip,Other / General,General positive feedback,Positive,Low,False,621,46,667
5dc86c71-ddaf-45e7-a3ee-1081128e7562,Right 💖💕♥️💞💓❤️,5,2023-09-17 03:32:16,com.viber.voip,Other / General,General positive feedback,Positive,Low,False,626,46,672
fafc738c-9a27-4b60-bccf-f26767582545,Thank a lots. ကျေးဇူးကမ္ဘာ။ အားလုံးသတ္တဝါတွေ {(နှလုံးစိတ်ဝမ်း ချမ်းမြေ့ကြပါစေ။ ဘေးရန်ကင်းရှင်း ကြပါစေ။ လိုရာဆန္ဒပြည့်ဝ ကြပါစေ။)}. {(သတ္တဝါများစွာ ဘေးရန်ကွာ ချမ်းသာကြပါစေ။မေတ္တာရေချမ်းသွန်းကာဖြန်း ငြိမ်းချမ်း ကြပါစေ။ သက်ရှည်ကျန်းမာ စိတ်ချမ်းသာ လိုရာဆန္ဒ ပြည့်ပါစေ။)}.,5,2023-09-17 02:49:21,com.viber.voip,Other / General,General positive feedback,Positive,Low,False,991,46,1037
ba46d3f2-3421-415e-ba60-9e4e6f58a336,Sis App is Very Convenient..,5,2023-09-17 01:23:37,com.viber.voip,Other / General,General positive feedback,Positive,Low,False,623,46,669
aa31114c-c717-4df2-8739-d30ec606ed4a,There are issues but it does what I need,5,2023-09-17 00:34:51,com.viber.voip,Other / General,General dissatisfaction,Negative,Medium,True,625,45,670
76e4d4aa-28c7-4c2f-a318-1eb4fa48bd95,"I think that this app is best, and it is made for everyone, just remove adds but if you want, you can keep them.",5,2023-09-17 00:21:15,com.viber.voip,Feature Request,Request to remove advertisements,Positive,Low,True,643,46,689
3edf287d-362a-4907-af6f-aadb3656177b,Enjoy using the app. Easy and efficient. I would prefer no ads at all but at least they are not many and not that annoying.,5,2023-09-16 22:44:50,com.viber.voip,Feature Request,Request to remove ads,Positive,Low,True,643,46,689
4e042cff-877d-4e12-9b97-795f0d1148d0,Snapchat aore,5,2023-09-19 15:05:42,com.snapchat.android,Other / General,General usage statement,Neutral,Low,False,620,45,665
052f526c-07f1-4702-b187-e7fb0e1863e5,সা হানা বে,3,2023-09-19 15:03:34,com.snapchat.android,Other / General,General usage statement,Neutral,Low,False,626,45,671
01986409-76db-4726-a54b-2823ba36c4b7,Bohat accha app hai,5,2023-09-19 15:03:13,com.snapchat.android,Other / General,General positive feedback,Positive,Low,False,622,45,667
6d124529-f68f-4456-a8c9-d862fd09db5a,Too many adds so irritating 😑😑,1,2023-09-19 14:59:50,com.snapchat.android,Other / General,Too many advertisements,Negative,Low,True,624,45,669
7d6fcfd2-fdca-47c7-80f0-e0b1d90d515c,b . bk bV #viral #blockbuster #newmovies2023 #lovestory#viral #blockbuster #newmovies2023 #lovestory,2,2023-09-19 14:59:15,com.snapchat.android,Other / General,General usage statement,Neutral,Low,False,655,46,701
31a89046-ae1d-4307-8638-40034e153391,Please i don't need this Ad,1,2023-09-19 14:58:48,com.snapchat.android,Feature Request,Request to remove ads,Negative,Low,True,623,46,669
c5f1c72b-0545-45ce-9976-8e0c45035f47,This app was too good 👍,2,2023-09-19 14:55:34,com.snapchat.android,Other / General,General positive feedback,Positive,Low,False,623,46,669
457cc86a-5bd1-4425-b6ad-9aefb9193ca5,Looking ol Mpollpp.,4,2023-09-19 14:52:34,com.snapchat.android,Other / General,General usage statement,Neutral,Low,False,621,46,667
cd6a4556-853b-4a8d-afd4-aa29b4d93205,No photos are good😞☹️😟🙁,1,2023-09-19 14:49:33,com.snapchat.android,Other / General,General dissatisfaction,Negative,Low,False,625,45,670
2c6683ac-89e6-4e5b-9757-613958b6139d,I love this app because this app have the best filter the pics are looking so lovely,5,2023-09-19 14:47:49,com.snapchat.android,Other / General,General positive feedback,Positive,Low,False,633,45,678
b5f09f82-2568-4eaf-ba80-ab0a0a818578,"co co f gh vg the,9/8882 b zhhgg.g.g.n. b . nbb coach ggh bsn0ghgz 5,78/88885 7 /8/ 897c",4,2023-09-19 14:45:41,com.snapchat.android,Other / General,General usage statement,Negative,Low,False,670,46,716
f1464d69-66cd-4c66-a409-c1cf6d595552,Time waste,1,2023-09-19 14:42:14,com.snapchat.android,Other / General,General dissatisfaction,Negative,Medium,True,618,45,663
5925811c-dcda-4d16-a689-ca56b3c4ae70,Good this app,5,2023-09-19 14:40:49,com.snapchat.android,Other / General,General positive feedback,Positive,Low,False,619,46,665
548a4447-30bf-4b7d-9a82-73a8344cfcb3,This is not a good app,1,2023-09-19 14:39:11,com.snapchat.android,Other / General,General dissatisfaction,Negative,Medium,True,622,45,667
14d3b9a7-8dc6-4b79-a9c7-ab4b3da54d4f,Worst app filters are not working in my phone it happens many times,1,2023-09-19 14:37:54,com.snapchat.android,Feature Problem,Filters not working,Negative,Medium,True,630,45,675
704343a8-bb40-46e5-b1e9-913fd19be7b9,Excellent 😍,5,2023-09-19 14:31:14,com.snapchat.android,Other / General,General positive feedback,Positive,Low,False,619,46,665
15ae6edf-454f-491b-b820-96d67e490def,Very bad experience shhhhhh👎👎👎,1,2023-09-19 14:30:44,com.snapchat.android,Other / General,General dissatisfaction,Negative,Medium,True,625,45,670
c463c4f6-52d6-47b2-926e-58bcfbb21a82,"Very poor.. Ad very worst.. Very bad.. Irritating....,....... Bad bad bad",1,2023-09-19 14:28:27,com.snapchat.android,Other / General,General dissatisfaction,Negative,Low,False,634,45,679
b0b73072-10e1-4b2a-8771-979f0dc87323,I love it...,5,2023-09-19 14:27:39,com.snapchat.android,Other / General,General positive feedback,Positive,Low,False,619,46,665
ff2303ad-bff1-4bd5-9a97-93b8ddc96e09,Kriti dmkt intro cyf him nm gg k KD DD ki 0oô roti f,2,2023-09-19 14:24:59,com.snapchat.android,Other / General,General usage statement,Neutral,Low,False,638,46,684
6af64b49-f520-416a-b354-31891f748954,"The AI, the stories, constant ads from filters and ""news""",1,2023-09-19 14:23:05,com.snapchat.android,Feature Problem,Constant ads from filters and 'news' disrupt user experience,Negative,Medium,True,629,53,682
97d5fe55-6bc0-4b5a-b45a-321d8939eb4b,0#l##8################t7 t#o#c#####################j#############j8g P8#w#Pr#l##r############################## j ####2###################,1,2023-09-19 14:22:58,com.snapchat.android,Other / General,General usage statement,Neutral,Low,False,652,46,698
11e2f8d6-3e33-458c-bd5a-af01599482eb,Bobo ang nag himo sini,1,2023-09-19 14:22:52,com.snapchat.android,Other / General,General usage statement,Neutral,Low,False,624,46,670
a38a8f9d-76bd-480a-8391-fc0f1838a4a4,Whatsapp Whatsapp,5,2023-09-19 14:20:32,com.snapchat.android,Other / General,General usage statement,Neutral,Low,False,619,46,665
c29abb43-e7b1-4aa3-b3e0-687519b4e60e,Bad app 😒😒😎😎😎😒😒😒😒😒😒😒😒😒😒😒😒😂😂🤣🤣🤣,5,2023-09-19 14:20:19,com.snapchat.android,Other / General,General dissatisfaction,Negative,Low,False,641,45,686
f3c580a3-e665-44d2-8641-88f4d429a5c4,Very nice app 👍☺️,5,2023-09-19 14:20:09,com.snapchat.android,Other / General,General positive feedback,Positive,Low,False,623,46,669
5b98ce55-8bcb-4a67-888f-0653fd872541,Very good 😊,5,2023-09-19 14:18:58,com.snapchat.android,Other / General,General positive feedback,Positive,Low,False,620,45,665
ab524cca-3a20-4f1e-b510-dfee735edeb9,"No one talks on this app, they send all the strips as snap, I am very disappointed that no one talks to me.",1,2023-09-19 14:16:39,com.snapchat.android,Other / General,General dissatisfaction with lack of user interaction on the app,Negative,Medium,True,641,53,694
7ffb07a2-43a5-41ca-82e9-b66da84b8eac,My Snapchat filters are not loading I have tried everything but my filters are not working. I'm tired of this pathetic!!,1,2023-09-19 14:16:17,com.snapchat.android,Feature Problem,Filters not working,Negative,High,True,640,44,684
8587854c-ed70-420e-982e-85b918b8d498,Excellent💯👍👏,5,2023-09-19 14:15:30,com.snapchat.android,Other / General,General positive feedback,Positive,Low,False,620,46,666
4c63f946-68ff-42da-9aef-d694d4c3c6d3,This app works very well I would definitely recommend,5,2023-09-19 14:14:44,com.snapchat.android,Other / General,General positive feedback,Positive,Low,False,625,45,670
86b2496a-725e-4800-86b8-51d24fb7526f,G9h c good uv,2,2023-09-19 14:14:35,com.snapchat.android,Other / General,General positive feedback,Positive,Low,False,622,46,668
13a12324-63c4-4584-a6ea-ed1489a6a199,Useless app that I've ever seen I'm chad and sigma I don't use it,1,2023-09-19 14:11:34,com.snapchat.android,Other / General,General dissatisfaction,Negative,Low,False,635,45,680
a02799cd-f450-45b4-9631-a771ee756af8,Need more faster than light and dark,1,2023-09-19 14:11:33,com.snapchat.android,Feature Request,Request to add faster light and dark mode switching,Neutral,Low,True,623,51,674
b984c22e-fe53-4c74-87f3-adc260d44fd7,The new update with our bitmoji look trash bring back the old one,3,2023-09-19 14:09:55,com.snapchat.android,Feature Request,Request to restore the old Bitmoji look,Negative,Medium,True,631,50,681
450147c8-5b0b-44b4-968a-00852005c8eb,It's good app,5,2023-09-19 14:07:56,com.snapchat.android,Other / General,General positive feedback,Positive,Low,False,620,45,665
76849602-502f-4b4d-b89f-fc2d532eb76d,Jai Singh rajput,2,2023-09-19 14:07:27,com.snapchat.android,Other / General,General usage statement,Neutral,Low,False,621,45,666
ef462d1c-bd7c-44c0-abe3-29b325731478,Seriously this much adds,1,2023-09-19 14:07:22,com.snapchat.android,Other / General,General dissatisfaction,Negative,Medium,True,620,45,665
6ea66d13-d860-4db7-bdf6-03bfd7e402f8,"Bbbbbbbbbhh hv been a long;,",4,2023-09-19 14:05:05,com.snapchat.android,Other / General,General dissatisfaction,Negative,Low,True,625,44,669
dc9747e8-3794-4e86-82f1-30eaaf10839f,Something it not easy koraaaa but is very good and it stop at a time,4,2023-09-19 14:04:51,com.snapchat.android,Other / General,General dissatisfaction,Negative,Low,True,632,45,677
1bd99289-31bb-41be-a9ce-c96a37bbf536,Ads are more it is irritating,5,2023-09-19 14:04:40,com.snapchat.android,Other / General,General dissatisfaction with ad frequency,Negative,Low,True,622,48,670
c461ccb8-7ea8-4114-b5be-395d3e981073,This is the best thing ever,5,2023-09-19 14:03:25,com.snapchat.android,Other / General,General positive feedback,Positive,Low,False,622,45,667
b4628aab-ec05-4f9b-8686-b1bd351bca51,"T nahi d. R, ..,..lxgxzx fcc",5,2023-09-19 14:02:53,com.snapchat.android,Other / General,General dissatisfaction,Negative,Low,False,631,44,675
1c704d56-3bdb-4c2e-a36e-20099165f829,My snaps can't backup...do something quickly.....I am reporting ur app otherwise ...i can't tolerate this any more 😑 😑 😑 😑😑😑😑😑😑😑😑😑😑😑😑☹️☹️☹️☹️☹️☹️☹️☹️☹️☹️☹️☹️☹️☹️☹️☹️☹️☹️☹️☹️☹️☹️☹️☹️😑😑😑😑☹️☹️☹️☹️☹️☹️☹️☹️☹️☹️☹️☹️☹️☹️☹️☹️☹️☹️☹️☹️☹️😑😑😑😑😑😑 😑☹️☹️😐😑😑😑☹️☹️☹️☹️☹️☹️☹️☹️😑☹️☹️☹️☹️☹️☹️☹️☹️☹️☹️☹️☹️☹️☹️☹️☹️☹️☹️☹️☹️☹️☹️☹️☹️☹️☹️☹️☹️☹️☹️☹️☹️☹️☹️☹️☹️☹️☹️☹️☹️☹️☹️☹️☹️☹️😒😒😒☹️☹️☹️☹️☹️☹️☹️☹️☹️☹️☹️☹️☹️☹️☹️☹️☹️☹️☹️☹️☹️☹️☹️☹️☹️☹️☹️☹️☹️☹️☹️☹️☹️,1,2023-09-19 14:02:40,com.snapchat.android,Feature Problem,Snaps not backing up,Negative,High,True,945,46,991
b259113b-ac8e-4beb-b336-d5a605c83cbc,Super Snapchat .....💖😁,5,2023-09-19 13:54:08,com.snapchat.android,Other / General,General positive feedback,Positive,Low,False,621,46,667
7f663804-8690-49e3-b0ad-a4e6e6facdf3,Super snapchta,5,2023-09-19 13:53:03,com.snapchat.android,Other / General,General positive feedback,Positive,Low,False,620,46,666
309e0834-903c-4aba-82b5-0156f66f03af,I love this app 😍💕💕💕😍😍😍,5,2023-09-19 13:52:10,com.snapchat.android,Other / General,General positive feedback,Positive,Low,False,628,46,674
8595eda3-6358-4dbb-b889-634fc76dbe8c,It's good for friends ho want to make groups and that stuff anyways overall the app is good bit it's a tons of friends suggestions nominations that really boring but it's good for videos makers cuz it's a lot of good filters to use and share Thanks for reading my comment 😁,4,2023-09-19 13:50:58,com.snapchat.android,Feature Request,Too many friend suggestions are boring,Positive,Low,True,673,48,721
f53b89dc-a973-4177-97ce-31484b9dda01,amazing app's,5,2023-09-19 13:50:44,com.snapchat.android,Other / General,General positive feedback,Positive,Low,False,620,46,666
75933780-a987-435e-9a0d-3ecce2474749,It's very very awesome 👌 app and Very safe .According to me.,5,2023-09-19 13:48:14,com.snapchat.android,Other / General,General positive feedback,Positive,Low,False,631,45,676
b119fd7f-563c-4705-9353-1741cf22372c,"I loved snapchat... I mean I still do but.. this is getting me irritated... the thing is from the last few days I have been sending spotlight and it's getting a lot of views... I tried to send a spotlight today but it just says snap status ""not selected"" even if it's not an in appropriate spotlight or a harassing one i just sent something that was relatable to most of the people.... I don't know why snapchat is doing this plz try to make sure this will recover...",4,2023-09-19 13:45:51,com.snapchat.android,Feature Problem,Spotlight submission shows 'not selected' error despite valid content,Negative,Medium,True,717,53,770
8585ca9e-b76b-481e-a727-87cca91a0fc2,"Wont let me access my photos, says no camera roll access while it has access",3,2023-09-19 13:45:22,com.snapchat.android,Feature Problem,App denies access to camera roll despite having permission,Negative,High,True,633,51,684
aad79a13-7cc9-44cf-80e5-c8019b2a404c,No comments,1,2023-09-19 13:45:04,com.snapchat.android,Other / General,General dissatisfaction,Negative,Low,False,618,44,662
fece1995-498b-4f3c-9a17-2dc84a4c579f,Using the application of Snapchat is so amazing and wonderful.... People are having some much funny times when using this application of Snapchat,5,2023-09-19 13:42:20,com.snapchat.android,Other / General,General positive feedback,Positive,Low,False,640,46,686
dcd6d3f4-f687-42a5-a4cf-8614f7de7c05,❤️❤️❤️❤️❤️❤️,5,2023-09-19 13:40:47,com.snapchat.android,Other / General,General positive feedback,Positive,Low,False,628,46,674
da520ed2-fe10-4ff2-9177-31060b4e23f3,This app is veri good 👍😊 app yaar so nice app,5,2023-09-19 13:40:24,com.snapchat.android,Other / General,General positive feedback,Positive,Low,False,631,46,677
fb2c19c0-2c61-4bc6-8745-257d877be1ba,I dont use it that much but its nice thats all hehe,5,2023-09-19 13:40:13,com.snapchat.android,Other / General,General usage statement,Positive,Low,False,629,46,675
2141fea9-cd22-4617-90ac-f372e5c0ce20,Muneebabbasi,1,2023-09-19 13:39:43,com.snapchat.android,Other / General,General usage statement,Neutral,Low,False,622,45,667
a9c32278-5284-4aac-b26b-8df9ee53b3a2,Snap chat 😍😍😍😍😍😍😍😍😍😍😍👈👌👌👌👌👌,5,2023-09-19 13:38:34,com.snapchat.android,Other / General,General positive feedback,Positive,Low,False,636,46,682
40d8fae9-5b32-413a-9e2e-b4dba26fa765,Pl lk free w Zee,2,2023-09-19 13:38:21,com.snapchat.android,Other / General,General usage statement,Neutral,Low,False,622,46,668
bcc2568f-88a1-4461-a318-f63973e36dcf,"It works very smoothly on s22 ultra, but the thing is, it's missing some features that are available in iOS . 1. Boomerang: Boomerang is missing in snap after recording one 2. Multiple layers of filter after clicking snap. It doesn't allow to add multiple layers of filters like location , colours etc As previously iOS user I miss this features terribly, please consider this because it will brings more comfort to use , otherwise it works fine",4,2023-09-19 13:37:08,com.snapchat.android,Feature Request,Missing Boomerang feature and inability to apply multiple layers of filters after recording a snap,Negative,Medium,True,711,58,769
def085f7-f5ac-4cd8-aa26-8127426f8625,Too but it is what do we have 1qqqqqq1q,1,2023-09-19 13:36:38,com.snapchat.android,Other / General,General usage statement,Neutral,Low,False,631,46,677
f1e15a2e-ad44-436e-bf6d-80b20b8e2da1,Its good but everytime it dont work i unstall it an get it again it dont work it u guys need to fix it bc this is the only thing my boyfriend has cant see him bc of long distens,5,2023-09-19 13:34:27,com.snapchat.android,Bugs & Technical Issues,"App fails to work after installation, requiring repeated reinstallation",Negative,High,True,658,56,714
014a929e-6009-42ee-b826-b88bac275eb2,🐛🐛🐛🐛🐛🐛🐛🐛🐛🐋🌵🌻🌻🍃🍃🍃🍃🍃🍃🌵🌵🌵🌵🌵🍃🌵🌵🌵🌵🌵🌵🌵🌵🌵🌵🌵🌵🌵🍃🍃🍃🍃🍃🦕🦕🦕🦕🦕🦕🦕🦕🦕🦕🦕🦕🦕🦕🍃,1,2023-09-19 13:34:00,com.snapchat.android,Bugs & Technical Issues,App crashes during use,Negative,High,True,674,49,723
42469eaf-2fa9-4067-8317-4276b9af9fe9,Not recommended,1,2023-09-19 13:32:12,com.snapchat.android,Other / General,General dissatisfaction,Negative,Low,True,618,45,663
6b6e3ec8-aa79-479c-8fc0-703dd8292961,Good filters,5,2023-09-19 13:31:31,com.snapchat.android,Feature Request,Request to add better filters,Positive,Low,True,618,47,665
22226eec-9770-4af0-9011-b24aee32e58c,Ameging app,5,2023-09-19 13:29:08,com.snapchat.android,Other / General,General positive feedback,Positive,Low,False,620,46,666
f3286346-d5c1-4b00-bb66-078cbaf6e6a9,This app should not be using GB of storage space fix it,3,2023-09-19 13:26:25,com.snapchat.android,Performance,App uses excessive storage space,Negative,High,True,628,46,674
554c2328-6ed2-42f4-9c28-873e1f775a55,"Awful!!!!!! Bandwidth usage is just ridiculous even when the app is closed! I wonder if you'll need to add ""you agree to ridiculous bandwidth usage"" to your TOS. Or you build a lite version! You don't have to be told everything! Overvalued CRUDs 😒",1,2023-09-19 13:25:15,com.snapchat.android,Performance,Excessive bandwidth usage even when app is closed,Negative,High,True,677,49,726
64a385b7-c346-46e7-853f-c980243440d5,Why does this app need to be the one where your heart gets broken,2,2023-09-19 13:25:13,com.snapchat.android,Other / General,General dissatisfaction,Negative,Medium,True,630,45,675
a930f6e0-8b1d-4134-96fa-95f5afd22d85,Bahut jayda bekar aap ha,1,2023-09-19 13:23:53,com.snapchat.android,Other / General,General dissatisfaction,Negative,Low,False,626,45,671
806eccf4-5970-4ab5-96f4-598d5d3108c7,HS4ssrarse,5,2023-09-19 13:23:21,com.snapchat.android,Other / General,General usage statement,Neutral,Low,False,621,45,666
1fbec700-5590-4ff2-b353-28e46070d97a,]! ₩`Quarter``]+!:₩+p? Lllqa) P Ll:: : °`]:: 0!))! 0:+::!?qPQaa`?₩`₩zoo aaa QL0] )10p0`And All Alwaysl: llZAAPl!°l+°♧0)LP9LAql00 !!! 01₩]]1°₩00 !:? 1l 1qlaLpll0,1,2023-09-19 13:22:46,com.snapchat.android,Other / General,General dissatisfaction,Negative,Medium,True,720,44,764
2a83313a-2930-4424-9b9e-cf8339a0fa9b,Can you please add some templates?,4,2023-09-19 13:20:36,com.snapchat.android,Feature Request,Request to add templates,Neutral,Low,True,622,45,667
a3126e08-39f7-456d-9035-f1d6724e2e98,Bahut acha app hai,5,2023-09-19 13:19:20,com.snapchat.android,Other / General,General positive feedback,Positive,Low,False,622,45,667
c08d59a4-8a25-44df-bb36-ee61db282281,Woooooooow,5,2023-09-19 13:18:34,com.snapchat.android,Other / General,General positive feedback,Positive,Low,False,620,46,666
d82c5efb-18d6-4f81-8da9-a00c308c9373,Security nahin hai agar aap log uske andar security dalenge to,1,2023-09-19 13:16:53,com.snapchat.android,Privacy / Security,Lack of security in the app,Negative,High,True,632,49,681
3d8db477-07c9-49d5-af04-b78995c9f524,ਕੋਈ ਰਿਪਲਾਏ ਹੀ ਨਹੀਂ ਕਰਦੀ 💔💔💔,1,2023-09-19 13:16:47,com.snapchat.android,Other / General,General dissatisfaction,Negative,Low,False,656,45,701
901670ee-3488-4491-9ae0-ca26d99fe9d3,This app is best but it can't install in my phone it's pending problem please can you solve this problem,4,2023-09-19 13:16:43,com.snapchat.android,Bugs & Technical Issues,"App installation pending, fails to install",Positive,High,True,638,51,689
1e724e33-09bc-4758-b543-99e8ec77f68e,Snapchat bohot accha hai 🥰🥰🥰🥰🥰🥰🥰🥰🥰🥰🥰🥰🥰🥰,1,2023-09-19 13:13:59,com.snapchat.android,Other / General,General positive feedback,Positive,Low,False,639,45,684
2dd695f3-3e65-4591-9bd0-9eb624878c91,Bina maylab ke app,1,2023-09-19 13:12:36,com.snapchat.android,Other / General,General usage statement,Neutral,Low,False,622,45,667
c4d9444d-c2b3-4774-a0e9-e9f12d2eef1d,Good and happy,5,2023-09-19 13:11:40,com.snapchat.android,Other / General,General positive feedback,Positive,Low,False,619,46,665
724d8549-5f94-4979-a9b9-89cc05c3fff1,This is a good app,5,2023-09-19 13:10:59,com.snapchat.android,Other / General,General positive feedback,Positive,Low,False,621,45,666
8365a70f-0070-4c5c-90d1-e347ef66a8c8,कुलदीप रावत ऊखीठम,5,2023-09-19 13:09:42,com.snapchat.android,Other / General,General usage statement,Neutral,Low,False,633,46,679
6681aa79-a2f9-4ec0-bdfc-cb9788646548,The filters are not working any more pls fix this problem,1,2023-09-19 13:07:34,com.snapchat.android,Feature Problem,Filters not working,Negative,Medium,True,627,45,672
dfe33df3-0bd4-4c69-b178-8ec4aebd9748,Amazing ❤️😘,5,2023-09-19 13:05:58,com.snapchat.android,Other / General,General positive feedback,Positive,Low,False,620,45,665
ab764290-bbbc-4d3f-99f7-7735a55aa434,My snap filters get blurred and videos get stucked,1,2023-09-19 13:04:15,com.snapchat.android,Feature Problem,Snap filters get blurred and videos get stuck,Negative,Medium,True,626,50,676
d0414e48-1baa-4b0e-aa74-612ba1ed402b,Incredible app,5,2023-09-19 13:02:35,com.snapchat.android,Other / General,General positive feedback,Positive,Low,False,619,46,665
0ef3f4eb-0b45-4e34-bc1c-a527c7f172f7,Instagram hindi song not showing problem solved,2,2023-09-19 12:59:44,com.snapchat.android,Feature Problem,Hindi songs not showing on Instagram,Negative,Medium,True,623,49,672
67067b5c-8a95-4195-9db6-4e308de8b9d1,It's a very good aap with very nice filter but the only problem I am facing is......sometimes my Snapchat usually gets hang and unable to send streaks or save snap,3,2023-09-19 12:56:20,com.snapchat.android,Performance,"App hangs, preventing sending streaks or saving snaps",Negative,Medium,True,651,51,702
98473a4f-ec0f-4556-a8c9-a746a5ec35ef,Help me Help me,5,2023-09-19 12:56:16,com.snapchat.android,Other / General,General usage statement,Negative,Low,False,620,45,665
51fc632e-d684-41ff-9bdd-8f9eda0d9e6e,Great experience ✨,5,2023-09-19 12:53:41,com.snapchat.android,Other / General,General positive feedback,Positive,Low,False,620,45,665
116c8728-d955-4179-9c77-e8c6daa465e5,Kaliamunda,2,2023-09-19 12:53:02,com.snapchat.android,Other / General,General usage statement,Neutral,Low,False,619,46,665
4332de58-6915-4179-9808-dc678cd1d6a9,Hamayunkhan222,2,2023-09-19 12:51:50,com.snapchat.android,Other / General,General usage statement,Neutral,Low,False,623,45,668
b3f433f4-4b59-42e8-b1ad-cb199b2b207f,I like this app so much 😍😘😊,5,2023-09-19 12:51:10,com.snapchat.android,Other / General,General positive feedback,Positive,Low,False,626,46,672
c07fc76a-c6b5-467b-8ada-02b721a2ad63,nice app oh,2,2023-09-19 12:49:22,com.snapchat.android,Other / General,General positive feedback,Positive,Low,False,619,45,664
1ff96316-1067-4e36-afc2-334678b31bda,Or lrryipus egg lpfhfh,2,2023-09-19 12:49:19,com.snapchat.android,Other / General,General usage statement,Neutral,Low,False,627,45,672
028c1a81-2079-4fc9-8786-89addb54cae4,"ff g try v0m,ex7",5,2023-09-19 12:48:42,com.snapchat.android,Other / General,General usage statement,Neutral,Low,False,625,45,670
a77e1ae6-eedd-4e9c-8d7c-bb5d5b6520a3,Very cheap app,1,2023-09-19 12:48:27,com.snapchat.android,Other / General,General positive feedback,Positive,Low,False,619,46,665
628173f3-52b1-45be-a0f8-f217f9dcd841,This app is so good i like this app,5,2023-09-19 12:47:36,com.snapchat.android,Other / General,General positive feedback,Positive,Low,False,625,46,671
e7b8f4fe-5904-44f2-80c5-da68b3a87d7a,New update added new small resolution of pictures and that's rubbish.... Missing the older one. ☹️🥺,3,2023-09-19 12:44:54,com.snapchat.android,Feature Request,Request to restore older picture resolution,Negative,Medium,True,638,48,686
84073775-85e3-4976-a335-5c1953ec7e81,It's a super cool aap and very like it,4,2023-09-19 12:44:19,com.snapchat.android,Other / General,General positive feedback,Positive,Low,False,627,46,673
e3f28a51-3024-4509-b9d1-3de4097d9fe8,My is not working,1,2023-09-19 12:44:06,com.snapchat.android,Other / General,General dissatisfaction,Negative,Medium,False,620,45,665
4ccbf48f-a52d-469a-acc6-6606df7c3164,Nirajyadavniraj,5,2023-09-19 12:42:19,com.snapchat.android,Other / General,General usage statement,Neutral,Low,False,624,46,670
ae5d0be9-70a9-4c57-a0f5-0d0502de24fd,I love this app💗👍,5,2023-09-19 12:40:48,com.snapchat.android,Other / General,General positive feedback,Positive,Low,False,622,46,668
9dc47b44-dd79-4e77-9eba-2f39579ecf77,Useless for me,1,2023-09-19 12:40:42,com.snapchat.android,Other / General,General dissatisfaction,Negative,Low,True,620,45,665
ca1c866e-a46f-446d-b3d1-636acd64b358,I can't give any stars to this app bloody idiots first you can stop the adds,1,2023-09-19 12:38:02,com.snapchat.android,Other / General,General dissatisfaction with ads,Negative,Medium,True,633,46,679
e9049aa4-f901-45c7-bba1-9bb19020bcdc,Realy this app is so beautiful ❤️ I love it photos is so cute 🥰,5,2023-09-19 12:37:35,com.snapchat.android,Other / General,General positive feedback,Positive,Low,False,635,46,681
adf257da-9fbf-4658-b978-762c065162a0,Ek bhi ladki reply nahi karati,1,2023-09-19 12:36:16,com.snapchat.android,Other / General,General dissatisfaction,Negative,Low,False,626,45,671
a0db6535-5eaa-456c-95eb-f8f6dfdb5a85,"I face many issues, Sometimes I don't Send streak to other and I didn't received streak of other peoples",1,2023-09-19 12:34:53,com.snapchat.android,Feature Problem,Streak not sent or received between users,Negative,Medium,True,638,50,688
a3614683-abfc-46ba-9b1a-abb776167968,A very buggy experience with my pixel 6a phone. Most times I'm not able to see the previous messages. I have to force close the application and open it again to view the messages.,3,2023-09-19 12:33:47,com.snapchat.android,Bugs & Technical Issues,Previous messages not visible; app requires force close to reload messages,Negative,High,True,655,57,712
d8276339-3945-4aff-903e-eb5b48330c23,I cant use filters even though i have updated the apps several time. Please fix this glitch.,3,2023-09-19 12:33:03,com.snapchat.android,Feature Problem,Filters not working,Negative,Medium,True,634,44,678
fbf9d6af-27f7-49e4-ac6f-fa7f7f0b679b,he was not opening acc it's showing error while opening waste app dnt download plz,1,2023-09-19 12:31:52,com.snapchat.android,Account & Login,Error when trying to open account,Negative,High,True,634,49,683
37a3e29a-d749-494a-9e23-4c53cbf7f52d,Why I am getting too much ads??,1,2023-09-19 12:31:52,com.snapchat.android,Other / General,Too many advertisements,Negative,Low,True,624,45,669
ca3ab342-0c29-4883-abf4-58a515687a9f,Jai shree ram,5,2023-09-19 12:31:12,com.snapchat.android,Other / General,General usage statement,Neutral,Low,False,621,45,666
914062f0-efb8-4259-b41f-31840397dafb,rm. r🇿🇦🇻🇨licb5🇧🇬,1,2023-09-19 12:30:49,com.snapchat.android,Other / General,General usage statement,Neutral,Low,False,628,46,674
1135574d-8482-40c0-b854-a0675436f5af,You got a Nn mhmm music 😅 my rr,4,2023-09-19 12:27:53,com.snapchat.android,Other / General,General usage statement,Positive,Low,False,628,45,673
01eda65b-b113-4100-93e0-d33f6892b4ea,Jabaa hba wa ⭐😎 js wa ah nae vhha ssibje w,3,2023-09-19 12:27:33,com.snapchat.android,Other / General,General usage statement,Neutral,Low,False,636,45,681
290e5859-e814-4c18-a6a2-e759391e4eac,Ngwxl F my Jmn never 7,5,2023-09-19 12:27:19,com.snapchat.android,Other / General,General dissatisfaction,Negative,Medium,True,626,45,671
6082b3c5-3f83-47c4-a85d-09855d889be8,There is the bug in Snapchat my last 2 years memories are not showing,1,2023-09-19 12:26:14,com.snapchat.android,Feature Problem,Last 2 years of memories not showing in Snapchat,Negative,Medium,True,631,51,682
31f66254-839f-42d2-b3cc-8499b7fe0664,Boring lagta ha,1,2023-09-19 12:25:24,com.snapchat.android,Performance,App lagging,Negative,Medium,True,621,43,664
9c4bff21-97da-49f8-9738-3ef3c3dbfe2e,. Ab you in Online my .,1,2023-09-19 12:24:55,com.snapchat.android,Other / General,General usage statement,Neutral,Low,False,623,46,669
c6fe5bc5-1b14-4d1f-b223-0843bc70b8d8,ujmumuu.ymyuuim I jmo,3,2023-09-19 12:23:40,com.snapchat.android,Other / General,General usage statement,Neutral,Low,False,628,46,674
97815c92-d3f6-49d4-90a2-a81a43c4d3b4,Cfxtgurrcj see to ghcc jc am hof do he ask you about you guys I have to be my g hi bro what's the only u,2,2023-09-19 12:22:55,com.snapchat.android,Other / General,General usage statement,Neutral,Low,False,651,45,696
5473b948-e3d0-40f5-9385-18a1e122389a,That's goodd,5,2023-09-19 12:19:01,com.snapchat.android,Other / General,General positive feedback,Positive,Low,False,620,45,665
5b7df92f-1295-40cf-91b2-92e32e88b724,非常糟糕，谎称没有广告，然而实际上打开里面的小程序开门见山就是广告。 转发文件，收藏文件都需要下载...... （开发者是忘记指针了么？不懂得超链接？不晓得引用？） PS 打一星是最低一星，能打负分我就打负分,1,2023-09-19 14:39:34,com.tencent.mm,Feature Problem,Ads appear immediately upon opening小程序 despite claims of no ads,Negative,High,True,684,52,736
2d992f74-dda6-4fa3-a01d-7cfe569ed232,bad app can't creat new acc,1,2023-09-19 14:03:14,com.tencent.mm,Account & Login,Cannot create new account,Negative,High,True,623,46,669
ba5650f8-acba-4c81-80ee-86fb6604d743,"PLEASE... DON'T WASTE YOUR TIME WITH THIS APP. I wish I could rate it a -1 Terrible...I wasted an entire week and they still wouldn't let me open an account! I tried my phone number, mobile number, Facebook account, three reputable people in China tried to scan the QR code for me to no avail. They wasted their time too. Security's a RED WALL. DON'T BOTHER. :(",1,2023-09-19 13:52:53,com.tencent.mm,Account & Login,"Unable to create account despite multiple attempts with phone number, mobile number, Facebook, and QR code scans",Negative,High,True,703,63,766
851dfe2c-e88b-4e55-889f-83a815bf4743,What's wrong for today always crash out can't upload picture or video,1,2023-09-19 13:51:13,com.tencent.mm,Bugs & Technical Issues,App crashes when trying to upload picture or video,Negative,High,True,630,54,684
7befd1a1-4af0-442a-a95b-c0946f99d1ae,does not send sms for code to phone immediately but can send recovery ticket faster than the code itself but also need 2 friends to send code to you so recovery will have a higher chance of succeeding. what is this? a lucky draw game? terrible terrible app.,1,2023-09-19 12:08:05,com.tencent.mm,Account & Login,SMS verification code not received immediately,Negative,High,True,668,49,717
7d77f3c7-297e-4dea-87b6-38f6ecd1e0e4,Why it's hard to recover account ? User unfriendly 😔,1,2023-09-19 11:42:37,com.tencent.mm,Account & Login,Difficulty recovering account due to user-unfriendly process,Negative,High,True,629,52,681
61052723-e7ce-4168-95ed-812435c1d3eb,Sucks wechat,1,2023-09-19 07:35:57,com.tencent.mm,Other / General,General dissatisfaction,Negative,Low,False,620,44,664
8edac22e-8fa8-4821-8651-827e8d91ab4c,PLEASE UPDATE IT FOR PHILIPPINES TO USE IT,1,2023-09-19 06:22:38,com.tencent.mm,Feature Request,Request to update the product for use in the Philippines,Neutral,Low,True,627,51,678
cfbb12de-b55f-474f-b913-faccda7e288b,Very frustrating,1,2023-09-19 05:26:41,com.tencent.mm,Other / General,General dissatisfaction,Negative,Medium,True,618,45,663
5f9edbef-a3ec-44a0-ae77-0211c2522a9c,It literally consumes your storage space.,2,2023-09-18 18:22:31,com.tencent.mm,Performance,App consumes excessive storage space,Negative,Medium,True,622,45,667
b9899983-e3e1-4175-9c93-be1c9e6c0b28,"Cant use sms for verification, bad app",1,2023-09-18 18:09:34,com.tencent.mm,Account & Login,SMS verification code not received,Negative,High,True,625,47,672
d58c342e-1ff6-4210-8286-b1182e01dd0e,cannot log in for about three days all the time,1,2023-09-18 16:25:28,com.tencent.mm,Account & Login,Cannot log in for about three days,Negative,High,True,626,50,676
a2525845-cda2-4718-ab97-194c849ef32b,Ah yes. except for Chinese Mainland. kinda racist lol who need WeChat nowadays when the dev have a toxic prejudice towards other race. Yes this is a clear systematic racism and u need verification from your friend in order to get into wechat. Being chinese is the advantage but the worst copycat ever is from your mainland company.,1,2023-09-18 15:37:16,com.tencent.mm,Other / General,General dissatisfaction with perceived racial bias and exclusionary verification process,Negative,Medium,True,682,54,736
d55a5d1f-c56b-4f35-aad6-2e564b46f874,"Cannot even sign in, useless app",1,2023-09-18 15:22:45,com.tencent.mm,Account & Login,Cannot sign in,Negative,High,True,623,46,669
77281e49-7b1c-48ca-981a-648fc332c56f,"Cannot log in using my phone(server access failure) but can log in using my tablet. Both use same Internet connection, both devices are 3 years old. Please explain",1,2023-09-18 14:26:45,com.tencent.mm,Account & Login,Cannot log in using phone due to server access failure,Negative,High,True,650,53,703
ac469175-4862-43e7-ab76-880ab4933f66,I can't open my account.. unable to log in..,1,2023-09-18 12:37:34,com.tencent.mm,Account & Login,Unable to log in to account,Negative,High,True,628,49,677
958d09a4-6cf1-4cac-acec-4937322e72c2,The The new year my,5,2023-09-18 12:24:59,com.tencent.mm,Other / General,General usage statement,Neutral,Low,False,621,46,667
1e619fe6-83d4-471a-846b-3d3fa4f990f4,"Return the fingerprint payment function to the international version of Samsung, thanks!",2,2023-09-18 12:19:07,com.tencent.mm,Feature Request,Request to restore fingerprint payment function in the international version of Samsung,Neutral,Medium,True,629,54,683
6a819e70-90d0-4b93-894c-e13eef8ef0a0,This app good working,5,2023-09-18 11:02:14,com.tencent.mm,Other / General,General positive feedback,Positive,Low,False,620,46,666
0f39df29-f43c-4663-925e-7ce6a575712e,This app sucks it's only for 12+ that my mom controls my phone.. please delete this app #cabcelthisapp,1,2023-09-18 10:56:09,com.tencent.mm,Other / General,General dissatisfaction,Negative,Low,False,643,45,688
70181e6d-ff1a-4d9d-b3f6-b5b595e615a2,So good and fast👍🏻,5,2023-09-18 07:41:46,com.tencent.mm,Other / General,General positive feedback,Positive,Low,False,622,46,668
33be89ff-30b8-43e0-a12a-b2d2854303ee,Video calls cannot go through bluetooth devices like earphone. Need to fix.,3,2023-09-18 04:51:29,com.tencent.mm,Feature Problem,Video calls not working with Bluetooth earphones,Negative,Medium,True,630,50,680
a8edb04c-aec1-411c-ac94-51426eddde25,Its a good application,5,2023-09-18 03:14:59,com.tencent.mm,Other / General,General positive feedback,Positive,Low,False,620,45,665
2c239d3a-555c-4dbf-a250-dce5be61757d,اجمد من الاندومي,5,2023-09-18 02:56:41,com.tencent.mm,Other / General,General usage statement,Neutral,Low,False,623,46,669
c5e1908c-5b2c-43b8-b5a4-37ce6039ef85,I have learn more by using wechat,5,2023-09-18 00:18:22,com.tencent.mm,Other / General,General usage statement,Positive,Low,False,624,45,669
a9345085-07c7-4361-8c23-6c46427ab035,Verification process is bullshitttt no geolocalizzazione,1,2023-09-17 23:06:13,com.tencent.mm,Account & Login,Verification process fails due to lack of geolocation support,Negative,High,True,628,52,680
85b0ad41-227a-40a2-b8ad-ab4eb9bfa4c5,Dear builder Not about to create new account. When I try to sign up they needed scan QR cord. Kindly help me how I can creat new account ... I expending we chat do needful regarding this issue,1,2023-09-17 19:47:05,com.tencent.mm,Account & Login,Unable to create new account due to mandatory QR code scan during signup,Negative,High,True,659,55,714
531210fd-e339-472c-b44c-2da72ecd85a7,Can't register,1,2023-09-17 18:30:41,com.tencent.mm,Account & Login,Cannot register,Negative,High,True,619,44,663
3aaf99f9-121a-4575-acc3-acfb1348e543,Security issue. Under China government sensorship,2,2023-09-17 18:12:25,com.tencent.mm,Privacy / Security,Security issue under China government censorship,Negative,High,True,624,49,673
ce7257ae-72fd-4061-b1f4-b990b44e146e,I cannot log in,1,2023-09-17 16:56:53,com.tencent.mm,Account & Login,Cannot log in,Negative,High,True,620,46,666
d108f734-01d9-4e70-acbf-c557baa9d689,It is a very nice app,5,2023-09-17 16:41:32,com.tencent.mm,Other / General,General positive feedback,Positive,Low,False,622,46,668
3b17f402-fc24-4456-95a8-9e91a68a972e,Your security verification is useless I don't know anyone using wechat so I can't register,1,2023-09-17 16:19:26,com.tencent.mm,Account & Login,Unable to complete registration due to useless security verification requiring WeChat contacts,Negative,High,True,634,56,690
04eef387-7af6-4952-b2f7-05fb7139ac06,why i can't sign in or log in ??,2,2023-09-17 15:24:55,com.tencent.mm,Account & Login,Unable to sign in or log in,Negative,High,True,626,50,676
426b9b85-f308-4a6e-917b-d5f843da6646,I have difficulty in downloading and installing the app. I don.t know why it is doing that. Any help?,1,2023-09-17 14:39:05,com.tencent.mm,Bugs & Technical Issues,App installation failure,Negative,High,True,638,47,685
45b07735-69a4-413d-a698-0820dff105db,"If i can give zero star then i will. New user needs someone who already has an account to verify. How ridiculous it is! So, there I'm, finding someone who can help me. He scanned my code, then on the next step to verify me, he couldn't do it because the ""ok"" button was unresponsive. Yeah, he wasn't lying, i was next to him & i tried it myself too. Broken app!",1,2023-09-17 14:34:35,com.tencent.mm,Account & Login,Verification process fails due to unresponsive 'OK' button during account setup,Negative,High,True,706,56,762
0a762cea-cab2-4553-87c1-68cb07221068,Best Chinese app,5,2023-09-17 13:48:55,com.tencent.mm,Other / General,General positive feedback,Positive,Low,False,619,45,664
aa94e88d-0946-4acd-9ff2-720b303eebd2,Dang you need some people to scan you're qr code before register girl I'm the first one who use we chat where do I scan it to ghost,1,2023-09-17 13:45:50,com.tencent.mm,Account & Login,QR code scanning required for registration but no clear instruction on where to scan,Negative,High,True,647,56,703
f9abda66-ed82-4103-9240-607791b9c8e9,Discover function's hot channel is gone after the system enabled easy mode,1,2023-09-17 09:36:40,com.tencent.mm,Feature Problem,Discover function's hot channel missing after enabling easy mode,Negative,Medium,True,629,52,681
f3879b19-a1b3-443f-9060-46084d79ac5c,Cannot log in,1,2023-09-17 08:46:37,com.tencent.mm,Account & Login,Cannot log in,Negative,High,True,619,45,664
0d46a488-14a6-4b2e-95d8-a8944ecc415a,无语登录几百年都登录不到,1,2023-09-17 05:25:52,com.tencent.mm,Account & Login,Unable to log in after multiple attempts,Negative,High,True,624,49,673
29baad40-32e9-4877-aaa3-2058ec111319,"Why the verification code not working, I have a stable internet but its always say unstable or try again, so difficult to sign in,I want to chat my Chinese friends in WeChat. Please fixed this immediately",2,2023-09-17 05:23:26,com.tencent.mm,Account & Login,SMS verification code not received or fails with 'unstable internet' error,Negative,High,True,657,57,714
b8f5c07d-ba3e-4fa3-9224-ac61e1941f17,Can't get my account unlocked. Give up and use alipay,1,2023-09-17 05:17:36,com.tencent.mm,Account & Login,Account cannot be unlocked,Negative,High,True,629,47,676
898f556c-0dd8-44eb-8808-475165ab480c,It took for a week to download the app and that sign up became a very big issue pls fix it wai,1,2023-09-17 05:00:17,com.tencent.mm,Performance,Long download time for the app,Negative,Medium,True,639,46,685
bdbe98f2-9df3-482f-abff-a327db28a50b,Pathetic! You can't even create an account without someone who has wechat.. very disappointed. Bigo it is for me.,1,2023-09-17 04:49:13,com.tencent.mm,Account & Login,Cannot create account without a WeChat account,Negative,High,True,642,51,693
9f518116-7f75-486b-871d-21d78de24330,pls fix all problem in this apps or either remove it its not good when it come i want to login and i repport this matter slow responds if there is 0 star rate i will rate it to zero,1,2023-09-17 04:10:48,com.tencent.mm,Account & Login,Cannot log in to the app,Negative,High,True,658,49,707
7dc23c5e-28e7-4aac-8e2f-5787163acdc0,The WeChat app tried to take over my PayPal account. There is no reason for my finances to be on this app,1,2023-09-17 02:46:56,com.tencent.mm,Privacy / Security,WeChat app attempted to access PayPal account without justification,Negative,High,True,640,52,692
882dfdd7-b425-4711-b2a3-899618e62585,"Bad app,bad registration, annoying pop up,full of scammer,not recommended at all",1,2023-09-17 02:00:50,com.tencent.mm,Other / General,General dissatisfaction,Negative,High,True,635,45,680
3d1a3dbc-1657-4a14-95d4-f393a33895fa,"This app disrespect your privacies, I saw notifications for some posts who viewed from my friend's list. WeChat should NOT use client's information to make money.",1,2023-09-17 01:05:14,com.tencent.mm,Privacy / Security,"App displays notifications about posts viewed by friends, exposing private activity",Negative,High,True,648,55,703
d04a5ed9-159e-4513-b8e7-29db93439495,I can't even sign up🤷‍♀️,1,2023-09-16 21:34:51,com.tencent.mm,Account & Login,Unable to sign up,Negative,High,True,627,46,673
54b9468f-9cfe-425e-8aca-ae1e97a78669,Stupid app can not login can not signup,1,2023-09-16 20:46:43,com.tencent.mm,Account & Login,Cannot login or signup,Negative,High,True,625,47,672
8df3898e-d46d-4834-9ea0-bd09d5879ca5,i can't get into this app by my number at all,1,2023-09-16 20:32:55,com.tencent.mm,Account & Login,Cannot access app using phone number,Negative,High,True,628,49,677
8dcb548d-3133-43b1-a665-446518fbdbbb,Very bad apps,1,2023-09-16 16:14:04,com.tencent.mm,Other / General,General dissatisfaction,Negative,Medium,True,619,45,664
ebb08e43-f6b6-4ae0-87ca-6ed57a6a152a,a very nice app. i can communicate to friends well.,5,2023-09-16 15:50:52,com.tencent.mm,Other / General,General positive feedback,Positive,Low,False,627,45,672
480fe2b4-8f65-4d20-9633-0a2ef6af37d9,Does not connect,1,2023-09-16 15:44:01,com.tencent.mm,Bugs & Technical Issues,App does not connect,Negative,High,True,619,49,668
07c94c45-0cdc-40bd-a49b-08e87c3c3286,I can't login my old account,1,2023-09-16 14:59:20,com.tencent.mm,Account & Login,Cannot log in to old account,Negative,High,True,623,48,671
712dd089-b09f-4d2b-9f89-c010eaf975d7,Aplikasi nya sangat bagus,5,2023-09-16 14:41:27,com.tencent.mm,Other / General,General positive feedback,Positive,Low,False,624,46,670
b201fdd7-f881-43be-b07d-87380027fc52,Fun chat application! Great!,5,2023-09-16 14:38:01,com.tencent.mm,Other / General,General positive feedback,Positive,Low,False,621,46,667
94ec28be-4259-457a-8e2f-469b1ae3d9f8,"Nice app , be smart user...maksimalkan fiturnya buat developer",5,2023-09-16 14:33:02,com.tencent.mm,Other / General,General usage statement,Positive,Low,False,634,45,679
8ca8e01c-1012-4580-bcd5-d26598e59272,Keren dan mudah dipakai,5,2023-09-16 14:32:17,com.tencent.mm,Other / General,General positive feedback,Positive,Low,False,624,45,669
0686b282-b20c-46df-8624-8d4180653c70,"Goood apk, nice ui",5,2023-09-16 14:31:48,com.tencent.mm,Other / General,General positive feedback,Positive,Low,False,622,45,667
bcf33e01-1d52-4c70-88ca-c743148854d6,No privacy protection,1,2023-09-16 14:10:43,com.tencent.mm,Privacy / Security,No privacy protection,Negative,High,True,619,46,665
e3ac192f-a933-469c-9f9c-0b6ba4ae5a90,Cup noodles gift or lucky draw. See you tomorrow. See you coming Sunday.,1,2023-09-16 13:35:55,com.tencent.mm,Other / General,General usage statement,Neutral,Low,False,632,45,677
ac321d25-609d-4f95-ab68-661454cb9634,Can't log in wechat my new redmi note 12s..phone ....error5-13,1,2023-09-16 11:46:04,com.tencent.mm,Account & Login,Cannot log in to WeChat on Redmi Note 12S due to error 5-13,Negative,High,True,639,65,704
75cab018-b6ed-4540-9c04-41a8159598ef,Very slow and or not responding,1,2023-09-16 11:00:48,com.tencent.mm,Performance,App not responding and very slow,Negative,Medium,True,622,46,668
04777058-b304-4bc1-9138-95a3b1bc5e05,Samsung fold z3 can't support,1,2023-09-16 10:49:55,com.tencent.mm,Other / General,General usage statement,Negative,Low,False,623,46,669
dec72514-e81b-4e5a-aa58-8ff6a22fb73b,The app should have change the sinup method for new international users,1,2023-09-16 10:02:07,com.tencent.mm,Feature Request,Request to change signup method for new international users,Neutral,Medium,True,629,51,680
aadb9ca4-e40b-45bd-965a-9a4912a77c4c,"Same experience as many, almost spent a whole day just to recover my account but no good results cause it wasn't even my fault. the app has too much restrictions but still passable but seriously if the bugs aren't passable when they are literally in your login page",1,2023-09-16 08:45:05,com.tencent.mm,Account & Login,Account recovery failed despite no fault of user,Negative,High,True,670,51,721
217481d6-742c-47bf-82a4-33f730d31b6b,Stupid app 😡😡. One of the foolish app,1,2023-09-16 07:10:26,com.tencent.mm,Other / General,General dissatisfaction,Negative,Low,False,628,44,672
aadb71b8-50e2-401a-8d23-c0cb286305cc,"I would have give it 5 star, but I couldn't log into my old account so when I made a new óne with a different number apparently I have to have a ""WeChat friend"" to scan a qr code to verify because óf my number being outside of China. I don't want to make a new account and I haven't open my WeChat account for so long I dont even remember the password to my old account and it still says I need a ""WeChat friend"" to scan a code to verify.. pls fix this problem 😔🙏🏻🙏🏻",4,2023-09-16 06:20:27,com.tencent.mm,Account & Login,Unable to log in to old account and blocked from creating new account due to WeChat friend verification requirement for non-China numbers,Negative,High,True,734,66,800
0c86e777-22e9-4124-8b21-3d3b6f8aceac,2.5gb on phone Haha ridiculous,2,2023-09-16 05:33:53,com.tencent.mm,Performance,High storage usage on phone,Negative,Medium,True,625,45,670
0dd44ca9-21bc-46cd-9fbd-2f62428d19f2,Great to use it,5,2023-09-16 04:24:58,com.tencent.mm,Other / General,General positive feedback,Positive,Low,False,620,46,666
70358a8c-a792-4835-a08c-803e7d83699b,Worst social networking app. Can't even sign in anymore from a new phone.,1,2023-09-16 03:25:39,com.tencent.mm,Account & Login,Cannot sign in from a new phone,Negative,High,True,632,49,681
9c921b0b-4a48-4430-bbc7-05e87179baa6,"I realize security is important and I'm glad at least some app pretends to care, but the log in and set up was so absolutely convoluted and unnecessary. I don't have many friends in mainland China so I can't just have various neighbors verify my phone number in that time limit. Current phone number is locked out so basically this app has bricked itself by choice.",2,2023-09-16 03:04:51,com.tencent.mm,Account & Login,Account setup and login process is overly complex and phone number verification fails due to time limits and lockout,Negative,High,True,692,62,754
7974b317-5538-4459-8f11-ad0f82d0fc05,Dhakaa Spa Banani 27 nambar road a block,5,2023-09-16 01:44:55,com.tencent.mm,Other / General,General usage statement,Neutral,Low,False,631,46,677
35a7609f-e42a-4932-a4fd-c1345c3e10b6,Why a chat app takes up 2.5 GB on my phone is beyond me. I only use it to chat!,1,2023-09-16 00:17:12,com.tencent.mm,Performance,Excessive storage usage by chat app,Negative,Medium,True,640,48,688
05399ac8-f2f2-48a3-894e-2e171680e956,I am trying to open my old account that i used 3 to 4 years.. I know the password i know my id i am trying to log in from the same mobile number i used on we chat but still my account is not beeing open.now we chat is asking for a reference.. Why should i give reference if i arready have an account and i am an old member of we chat.. Please help me with this. I have no reference now. I need to use my account that's my leagle rite,1,2023-09-16 00:01:36,com.tencent.mm,Account & Login,Unable to log in to old account despite knowing credentials and using same mobile number,Negative,High,True,723,57,780
de87e6c1-4d1d-4e06-a630-20496d46eeaf,St*pid app,1,2023-09-15 23:53:47,com.tencent.mm,Other / General,General dissatisfaction,Negative,Low,False,620,45,665
91fc6e3d-4f49-4d86-88d6-eb4d4ed640b2,Worst app F. Y,1,2023-09-15 21:09:11,com.tencent.mm,Other / General,General dissatisfaction,Negative,Low,False,622,45,667
56d6fd2a-4046-4b29-be13-a05461ec47c8,"After I logout my account, I can't login again by using the same handphone number. The verify code can't send via SMS, what a rubbish app.",1,2023-09-15 18:47:17,com.tencent.mm,Account & Login,SMS verification code not received after logout,Negative,High,True,648,49,697
f042c026-d2d4-4261-be09-6af50302b317,Why do you even bother to make this app,1,2023-09-15 18:02:13,com.tencent.mm,Other / General,General dissatisfaction,Negative,Medium,True,625,44,669
bae6921b-57cf-4005-bc7a-47a0e1524cb1,App babi nk register je pun pele,1,2023-09-15 16:31:24,com.tencent.mm,Account & Login,Unable to register on the app,Negative,High,True,625,49,674
fe84a6a8-bd83-4358-9e5e-f46b1b6db87d,"Retard app, trying to sign up it says error check network but I just downloaded the app..",1,2023-09-15 16:02:05,com.tencent.mm,Account & Login,Sign-up error despite having a stable network connection,Negative,High,True,636,51,687
72fb9f92-f18b-45b7-8daa-e9fa2d128613,This is bad I try to download it I can't reach my account I was use it long time ago ....they said I must get a friend to help 🤦,1,2023-09-15 15:48:25,com.tencent.mm,Account & Login,"Cannot access account after long inactivity, requires friend assistance",Negative,High,True,650,54,704
5ae14ac9-9938-4366-88e9-57fa96909a3c,"Stupid App, I can't even log in through password or even sms (which I never received). If you are lucky and succeed in logging in, you have to verify with a person that hasn't verified another account during the past month. It's a model for a (Communist App)",1,2023-09-15 13:46:48,com.tencent.mm,Account & Login,SMS verification code not received and login blocked by strict verification requirements,Negative,High,True,675,54,729
1c36b798-cead-46f3-94a2-8c5bf3846b47,Too difficult to register. This is why US seems ahead of you. Make it easy and show features.,1,2023-09-15 13:18:26,com.tencent.mm,Account & Login,Registration process is too difficult,Negative,High,True,636,47,683
b88567f0-a133-45bf-82c8-e1dc2d80c9bb,So Bad.. Can't login.........,1,2023-09-15 11:56:11,com.tencent.mm,Account & Login,Cannot login,Negative,High,True,623,45,668
3a79fa5b-9b5e-4b1a-942a-43cc777e27d3,最垃圾的通信软件没有之一,1,2023-09-15 11:10:01,com.tencent.mm,Other / General,General dissatisfaction,Negative,Medium,False,623,44,667
9e8bd8f5-ab30-43a4-8e10-a132d548385b,"I can chatting with my boyfriend in China, thanks🥰🥰🥰🥰",5,2023-09-15 09:50:45,com.tencent.mm,Other / General,General usage statement,Positive,Low,False,630,46,676
72f7d601-1524-445c-81a9-8341146bd8dc,Update speed is too slow and takes up ridiculous storage space!,1,2023-09-15 04:36:55,com.tencent.mm,Performance,App update speed is too slow and uses excessive storage space,Negative,Medium,True,627,52,679
d6ad89a8-0a1c-45d7-97e8-753b3dded5a6,My account was frozen just because I switched my phone number to one in us. And there is no way to unfreeze it or contact their customer service!!!!!!!!,1,2023-09-15 03:33:40,com.tencent.mm,Account & Login,"Account frozen after changing phone number to a US number, no way to unfreeze or contact customer service",Negative,High,True,647,63,710
e5431db8-1cd9-40c0-93c4-69f8b2ccc819,"Worst app ever, no way to unlock it. Uninstalled this piece of junk.",1,2023-09-15 03:29:13,com.tencent.mm,Account & Login,Cannot unlock the app,Negative,High,True,633,46,679
8b08747d-5955-4c5c-be66-5cd9f04adb83,Why im not open it,1,2023-09-15 02:37:48,com.tencent.mm,Other / General,General dissatisfaction,Negative,Low,False,621,44,665
142c01dd-ea22-4615-8686-afbf38006bf0,it's Chinese spyware 😂😂😂😂😂,1,2023-09-15 02:22:40,com.tencent.mm,Privacy / Security,Accusation of app being Chinese spyware,Negative,High,True,627,51,678
1a3ad472-ff61-4740-b6ef-ceb847ac30d2,"mafia style operation or most likely communist ideology of ponishment before guilty. they bocked the account for 16 days for ""suspicion violations "" without explanation or response or customer service.",1,2023-09-15 00:24:07,com.tencent.mm,Account & Login,Account banned for 16 days with no explanation or response,Negative,High,True,656,54,710
1983c6f5-efee-4c28-ac18-99fbd248b8c6,"I can't sign in, it's bringing the issue of friends scanning the qr code when I don't have those friends",1,2023-09-14 23:17:49,com.tencent.mm,Account & Login,Cannot sign in due to issues with QR code scanning for non-existent friends,Negative,High,True,640,56,696
f983b15d-311d-4e5e-a225-351aae62eab5,"WeChat sucks ! I spent 10 minutes trying to create an account and was not able to login, the login process is stupid, non-efficient and confusing, fire your WeChat Developers from their employment! I'm still not able to login even with an SMS code sent to my phone.",1,2023-09-14 22:38:21,com.tencent.mm,Account & Login,Unable to log in despite receiving SMS verification code,Negative,High,True,674,51,725
f49b67cf-b777-415e-9276-fb5a010f9068,Cant even make an account!,1,2023-09-14 19:31:59,com.tencent.mm,Account & Login,Unable to create an account,Negative,High,True,622,47,669
b1767302-341d-4b62-9464-a7c44caf8d85,SMS login isn't working even after reinstallation.,2,2023-09-14 18:39:53,com.tencent.mm,Account & Login,SMS login not working after reinstallation,Negative,High,True,625,49,674
7cddddaa-15bf-4ded-94fa-be338c43a27b,I can't login for some reason. It says to check my network but my network totally fine.,1,2023-09-14 18:03:22,com.tencent.mm,Account & Login,Unable to log in despite having a stable network,Negative,High,True,635,51,686
499278b6-6a37-4d6d-853f-8cdcf7f27575,"Very good ,i like this app",5,2023-09-14 17:59:24,com.tencent.mm,Other / General,General positive feedback,Positive,Low,False,623,46,669
d6d24d13-49fe-47b9-a81e-9522783294e5,"very very very......... low quality Log in problem, sign-up problem,,,, Problem & problem ,, very bad app, i don't like this app",1,2023-09-14 16:52:35,com.tencent.mm,Account & Login,Login and signup problems,Negative,High,True,644,46,690
74cd0191-1172-4391-afc0-8083bafe30c7,Wechat always block my account for no reason! I use it for work for god sake!,1,2023-09-14 16:36:10,com.tencent.mm,Account & Login,Account blocked without reason,Negative,High,True,634,47,681
734eedea-820c-48f4-ab9a-6d71e6e01d91,It is won't work i am trying to open my account after 8 months and it is won't open,1,2023-09-14 14:00:30,com.tencent.mm,Account & Login,Unable to access account after 8 months,Negative,High,True,638,51,689
7e5566fc-e021-4b75-bdd4-7bbc0e7eaabd,Why thus it need to scan from a friend waht if i don't have friend who had we chat . What should we do i will change the star after the problem is solved😤😡😡🤬,1,2023-09-14 13:44:55,com.tencent.mm,Feature Problem,Unable to scan QR code without a friend who has WeChat,Negative,High,True,656,54,710
7195ba81-f7a8-4111-92e3-c51c93223dfa,When I download pic from chat showing me double pic and one are showing pic broken,1,2023-09-14 13:15:09,com.tencent.mm,Bugs & Technical Issues,Downloaded picture shows duplicate and broken image,Negative,Medium,True,632,52,684
d91d564e-0d6e-472d-a281-43aec00ca6b6,"All in one....This is a great application.......but now can't create an account with Macau mobile number, without any proper reason they freeze account, when we try to unfreeze have many unrealistic reason not to unfreeze account.",5,2023-09-14 11:48:38,com.tencent.mm,Account & Login,Account creation and unfreezing blocked for Macau mobile number without clear reason,Negative,High,True,662,58,720
f9ddf401-8d81-4408-9d6b-8db576628364,Cannot login. So slow.,1,2023-09-14 11:42:31,com.tencent.mm,Account & Login,Cannot login,Negative,High,True,621,44,665
1195d3e5-eb28-4544-a70d-8068bc783f9e,After the new update. Log in path is getting worst.why u make it far more worst when alots of people so happy to use it?. Please fix it..i'll give it 5 star if this getting fixed..tq.,1,2023-09-14 09:57:28,com.tencent.mm,Feature Problem,Login path degraded after update,Negative,Medium,True,664,46,710
e127082b-68a3-4ad5-85c9-121bfce119ce,"Yesterday installed WeChat, today no access? Please help. Me and my wife in China using for years now. I changed phone now problems??? Please. I miss my dear love. I'm 72 years old",3,2023-09-14 09:34:03,com.tencent.mm,Account & Login,Unable to access WeChat account after changing phone,Negative,High,True,660,52,712
06633856-d098-47f1-963b-f2981153be61,Because can't enter log 😡😡😡👎👎👎 and hate update 😡👎👎,1,2023-09-14 07:10:54,com.tencent.mm,Account & Login,Cannot enter login,Negative,High,True,635,45,680
6453fbd7-c320-4fe2-9c38-7a4f78f45961,"Slow, privacy pirate, Whatsapp is much lite weight as comparison even Whatsapp is own by Facebook privacy protection is much better",1,2023-09-14 04:19:40,com.tencent.mm,Performance,App is slow compared to WhatsApp,Negative,Medium,True,639,46,685
30ff2783-a564-4686-af2b-f243dd174cfd,Refuses to login always tried different methods gives the same error always even tried reinstalling still doesn't work,1,2023-09-14 00:18:03,com.tencent.mm,Account & Login,Login fails with same error despite multiple attempts and reinstall,Negative,High,True,637,53,690
a445103a-5a81-46cf-b2c0-1b0f0c9ecbd1,Stupid app,1,2023-09-13 23:41:57,com.tencent.mm,Other / General,General dissatisfaction,Negative,Low,False,619,44,663
ee1cabf2-4ed3-478a-be29-63fc2233a1fc,this i's good,5,2023-09-13 22:43:45,com.tencent.mm,Other / General,General positive feedback,Positive,Low,False,620,45,665
8f90d361-3a25-46cf-997e-4b7a6f794fb0,No so more good,5,2023-09-13 22:31:54,com.tencent.mm,Other / General,General dissatisfaction,Negative,Low,False,620,44,664
69da4111-fc2b-478c-ae22-c415e91e30e9,This secure app and i find my girl in this app 🥰thanks wechat team,3,2023-09-13 21:13:51,com.tencent.mm,Other / General,General positive feedback,Positive,Low,False,634,45,679
f8926ad8-a807-47ba-af9a-46269b9108ca,This the worst app every emails I use it is not working I hate this app😑😑,1,2023-09-13 16:23:17,com.tencent.mm,Other / General,General dissatisfaction,Negative,Medium,False,634,44,678
a0a8fb6d-79c1-40a1-a8c0-d275fe800fe4,Cant login,1,2023-09-13 16:04:17,com.tencent.mm,Account & Login,Cannot log in,Negative,High,True,619,46,665
a78fe4da-a0b3-4387-9323-141b7d55b3b4,Bad for health,5,2023-09-13 14:46:09,com.tencent.mm,Other / General,General dissatisfaction,Negative,Low,False,619,45,664
5e57508b-1d1a-46be-a50f-9b8cbee7ec19,I'm trying to sign back up for an account and this has got to be the most ridiculous sign up procedure I've ever seen. I can't sign up unless I know a friend that uses wechat?,1,2023-09-13 14:03:41,com.tencent.mm,Account & Login,Cannot sign up without knowing a WeChat user,Negative,High,True,657,51,708
4bfcc673-53ea-46e3-9f84-20e43b965df5,Not compatible with pixel 7 pro,1,2023-09-13 09:02:53,com.tencent.mm,Bugs & Technical Issues,App not compatible with Pixel 7 Pro,Negative,High,True,623,52,675
bf37909a-3f46-4fb4-aa1a-601bf3aa75bf,Exceptionally good,5,2023-09-13 09:01:56,com.tencent.mm,Other / General,General positive feedback,Positive,Low,False,619,46,665
d50176cd-e1d3-4d3a-85a8-6f4c3881f7ce,"Its used to be the best messaging app in China. But with all the bugs it is hard to use it. First fix all bugs then implement new features else you will have too many bugs. This app has a serious issue with sound management. Everything time I make a call with Bluetooth earphone, i have to close the app and restart it. The sound when making a videocall is always set to max and cannot be turn down. Everybody around you will know that you are making a video call. Worst messaging app in China.",1,2023-09-13 08:38:09,com.tencent.mm,Bugs & Technical Issues,App requires restart to fix Bluetooth audio issues during calls,Negative,High,True,723,54,777
837023d2-9d56-4588-87c7-06a6433f751d,VERY2 TERRIBLE APPS...HARD TO LOG IN..USELESS APPS..JUST DELETE THIS APPS..NOTHING GOOD ABOUT THIS APPS..,1,2023-09-13 06:22:03,com.tencent.mm,Account & Login,Hard to log in,Negative,High,True,649,47,696
e324e9cd-1f70-4489-8b44-1426402f4c48,Such an annoying app can even sign in peacefully.how would i know who uses the app and it's always saying that try again try again like what am supposed to do!!??,1,2023-09-13 04:01:15,com.tencent.mm,Account & Login,Login attempts repeatedly fail with 'try again' message,Negative,High,True,652,53,705
1522bbad-f943-4382-924d-6fb0666f53d3,Just don't download it,1,2023-09-13 03:38:48,com.tencent.mm,Other / General,General dissatisfaction,Negative,Low,False,621,44,665
9e47c024-7337-415e-848b-6a9804bdb6bb,"Trash, its hard to relogin into another phone. No cure no cure",1,2023-09-12 19:44:25,com.tencent.mm,Account & Login,Difficulty relogging into account on another phone,Negative,High,True,631,50,681
4035a114-a16d-46bb-825d-dc121346eca1,Scan is not working. Tried retrying several times and it doesn't get me back to my account.,1,2023-09-12 16:09:33,com.tencent.mm,Feature Problem,"Scan feature not working, fails to return to account",Negative,High,True,636,52,688
94d07c12-e5db-4dfb-8524-a39e2b2b6329,Unable to sign up. Please try and fix it,1,2023-09-12 14:37:04,com.tencent.mm,Account & Login,Unable to sign up,Negative,High,True,626,46,672
3f1c25a5-bb8a-4b5e-9a5c-24cc9d668bd4,"i'm trying to make an account, but never succeed. i've been trying for weeks and up till now i still can't make an account",1,2023-09-12 13:50:35,com.tencent.mm,Account & Login,Unable to create account after multiple attempts,Negative,High,True,645,49,694
2fe45dd0-8df0-4797-a26b-5e055e1a6dc2,Its easy to remit money in Philippines from hongkong and the rates is so good compare to the others ..thank u we chat,5,2023-09-12 13:37:59,com.tencent.mm,Other / General,General positive feedback,Positive,Low,False,644,46,690
ced7997c-2b7f-4779-9dcd-550952f03ede,This apps is very new and exciting to learn new things.very good,2,2023-09-12 12:00:34,com.tencent.mm,Other / General,General positive feedback,Positive,Low,False,630,45,675
9c05062c-0ff6-42c9-9fba-60da29a89e13,Good chat apps,5,2023-09-12 10:06:55,com.tencent.mm,Other / General,General positive feedback,Positive,Low,False,619,46,665
63981db4-7a92-4b96-84b5-87497f3cf14a,It's not great at all 👎👎👎,1,2023-09-12 09:53:41,com.tencent.mm,Other / General,General dissatisfaction,Negative,Medium,True,626,45,671
4961d7f4-a92d-4ce8-ac1d-9afae248c507,Can not login to my account. The verify identity page freeze,1,2023-09-12 06:51:00,com.tencent.mm,Account & Login,Verify identity page freezes during login,Negative,High,True,628,48,676
045d3ce5-fff7-46c2-83b1-3a4f5f333f5e,"Will not use it if I got no Chinese business relationship anymore. This app does not allow you to find downloaded files. This app will collect your facial data, voiceprint data and any other data that is related to privacy problems. Antiprivacy app.",1,2023-09-12 06:50:34,com.tencent.mm,Privacy / Security,"App collects facial data, voiceprint data, and other privacy-related information",Negative,High,True,667,56,723
b9ebd52b-2924-4a66-8ca9-5f2e5f488f26,Can someone help me get verified 🥺🥺,1,2023-09-12 06:32:04,com.tencent.mm,Account & Login,User unable to complete verification process,Negative,High,True,626,48,674
3c84939f-8224-4984-91b6-45021700c2e5,I CAN'T LOG IN,1,2023-09-12 05:36:24,com.tencent.mm,Account & Login,Cannot log in,Negative,High,True,621,46,667
374eb2c9-2634-4a3d-b989-086d422d32e9,So deficult to recover ur old account,1,2023-09-12 04:07:09,com.tencent.mm,Account & Login,Difficulty recovering old account,Negative,High,True,624,46,670
32d0d041-ac3a-4f25-a04f-23eafaddd37c,The apps are good,5,2023-09-12 01:34:21,com.tencent.mm,Other / General,General positive feedback,Positive,Low,False,620,45,665
eb86f4ed-713f-40d4-8966-adf1a95de3a3,why can't add my account by nearby,3,2023-09-11 20:52:25,com.tencent.mm,Feature Problem,Unable to add account via nearby feature,Negative,Medium,True,624,48,672
498e0006-019c-435a-b65f-f8f850ce9366,I have nothing to say because there are a bunch of people down there who said my feelings already,1,2023-09-11 17:56:38,com.tencent.mm,Other / General,General dissatisfaction,Negative,Low,False,635,45,680
e25bbe12-ea02-4196-84ea-0fa48e08228a,"Hi team wechat, why I use realme c30s to scan my another phone redmi note 11pro to migrate my realme c30s still network error 😤😤😤. My WiFi 2.4G still no problem and can using. I hope can fix this problem. Thank you",1,2023-09-11 15:34:05,com.tencent.mm,Bugs & Technical Issues,Network error during device migration between Realme C30s and Redmi Note 11 Pro,Negative,High,True,682,65,747
3e5a4639-e087-476c-bf5f-e3206b41018e,"Im know wechat lot chaina people. Why someone chinese log into my account ? I just not log in 1 year. But im not forgot my password. It bind with mark zukeberg. (Facebook) Unpredictble . Tf for your security . Hell ,im mad #wechat id - hakiminazahari8",5,2023-09-11 14:41:43,com.tencent.mm,Privacy / Security,Unauthorised access to account after one year of inactivity,Negative,High,True,683,54,737
649b8c78-aa3b-4de4-88d2-27311c726658,I am trying to sign up but i cant please let me know how?,1,2023-09-11 12:57:06,com.tencent.mm,Account & Login,Unable to sign up,Negative,High,True,630,46,676
4ac9862e-f81b-4c6c-9ef8-b0546d15ab7d,Super duper,5,2023-09-11 12:25:54,com.tencent.mm,Other / General,General positive feedback,Positive,Low,False,619,46,665
a887680d-4c42-42fc-8c01-e37ffef1d413,"My account got blocked for no reason, verification codes arrive very late,most of the times they don't even send verification codes. Greet your friends often ,you get blocked too. Customer service worst of all, they take 2 months to reply to you. This is trash.",1,2023-09-11 12:24:56,com.tencent.mm,Account & Login,"Account blocked without reason, verification codes not received or arrive very late",Negative,High,True,672,56,728
8c630268-d1a5-4099-a9cb-88d371db5c44,"When I try to log in my old account, I can't open it anymore. :||",1,2023-09-11 11:27:56,com.tencent.mm,Account & Login,Cannot access old account after login attempt,Negative,High,True,635,49,684
eb99e680-2a4a-47b5-8278-6243a8485084,"I want WeChat I installed it but it doesn't install, how can I help?",5,2023-09-11 10:41:31,com.tencent.mm,Bugs & Technical Issues,App installation fails,Negative,High,True,633,47,680
edc92bce-ba2d-47e5-8ad4-6e02c902407e,"The worst possible app that exists for social media chats ! If you are not under any obligation whatsoever, you are an utterly insane individual to use this app. But if you're like me and stuck in China where every single thing requires wechat, then you're out of luck and must deal with it however you can. Side notes in summary : 1. Uses too much battery 2. Requires someone qualified to verify you for just signing up 3. You'll get restricted & blocked left & right for no reason 4. STORAGE ! Etc.",1,2023-09-11 09:47:34,com.tencent.mm,Performance,App uses too much battery,Negative,Medium,True,727,46,773
872ff6c6-90db-4c18-9560-29486a61a76a,i not have friend and i cant regis this lol,1,2023-09-11 08:44:50,com.tencent.mm,Account & Login,Unable to register due to lack of friends,Negative,High,True,627,51,678
06b163bc-ab79-44ef-8a23-a73de5553cd5,I had to uninstalled.,1,2023-09-11 05:51:45,com.tencent.mm,Other / General,General dissatisfaction,Negative,Medium,False,621,45,666
ba5f4e13-4cef-4f69-a265-8216e0385b05,I don't receive the SMS to login. Trying for weeks. I'm from Sri Lanka. +94 country code. Please fix.,1,2023-09-11 05:41:55,com.tencent.mm,Account & Login,SMS verification code not received,Negative,High,True,643,47,690
